1	уже	уже	ADV	_	Degree=Pos	_	_	_	@vvm1939m-words#@vvm1939m#0.0#0.45
2	выросли	вырасти	VERB	_	Aspect=Perf|Mood=Ind|Number=Plur|Tense=Past|VerbForm=Fin|Voice=Act	_	_	_	@vvm1939m-words#@vvm1939m#0.45#0.9
3	/	/	PUNCT	_	_	_	_	_	@vvm1939m-words#@vvm1939m#0.9#1.35
4	молодые	молодой	ADJ	_	Case=Nom|Degree=Pos|Number=Plur	_	_	_	@vvm1939m-words#@vvm1939m#1.35#1.8
5	которые	который	PRON	_	Case=Nom	_	_	_	@vvm1939m-words#@vvm1939m#1.8#2.25
6	/	/	PUNCT	_	_	_	_	_	@vvm1939m-words#@vvm1939m#2.25#2.7
7	да	да	PART	_	_	_	_	_	@vvm1939m-words#@vvm1939m#4.5#4.89
8	/	/	PUNCT	_	_	_	_	_	@vvm1939m-words#@vvm1939m#4.89#5.28
9	они	они	PRON	_	Case=Nom|Number=Plur|Person=3	_	_	_	@vvm1939m-words#@vvm1939m#10.201#10.663
10	не	не	PART	_	_	_	_	_	@vvm1939m-words#@vvm1939m#10.663#11.125
11	очень	очень	ADV	_	Degree=Pos	_	_	_	@vvm1939m-words#@vvm1939m#11.125#11.587
12	эти	этот	PRON	_	Animacy=Inan|Case=Acc|Number=Plur	_	_	_	@vvm1939m-words#@vvm1939m#11.587#12.049
13	темы	тема	NOUN	_	Animacy=Inan|Case=Acc|Gender=Fem|Number=Plur	_	_	_	@vvm1939m-words#@vvm1939m#12.049#12.511
14	трогают	трогать	VERB	_	Aspect=Imp|Mood=Ind|Number=Plur|Person=3|Tense=Pres|VerbForm=Fin|Voice=Act	_	_	_	@vvm1939m-words#@vvm1939m#12.511#12.974
15	вообще	вообще	ADV	_	Degree=Pos	_	_	_	@vvm1939m-words#@vvm1939m#12.993#13.166
16	не	не	PART	_	_	_	_	_	@vvm1939m-words#@vvm1939m#13.166#13.339
17	очень	очень	ADV	_	Degree=Pos	_	_	_	@vvm1939m-words#@vvm1939m#13.339#13.512
18	/	/	PUNCT	_	_	_	_	_	@vvm1939m-words#@vvm1939m#13.512#13.688
19	нет	нет	PART	_	_	_	_	_	@vvm1939m-words#@vvm1939m#15.383#16.181
20	не	не	PART	_	_	_	_	_	@vvm1939m-words#@vvm1939m#16.181#16.979
21	трогают	трогать	VERB	_	Aspect=Imp|Mood=Ind|Number=Plur|Person=3|Tense=Pres|VerbForm=Fin|Voice=Act	_	_	_	@vvm1939m-words#@vvm1939m#16.979#17.779
22	да	да	PART	_	_	_	_	_	@vvm1939m-words#@vvm1939m#19.61#19.873
23	/	/	PUNCT	_	_	_	_	_	@vvm1939m-words#@vvm1939m#19.873#20.136
24	ффф	ффф	INTJ	_		_	_	_	@vvm1939m-words#@vvm1939m#21.915#23.889
25	научиться	научиться	VERB	_	Aspect=Perf|VerbForm=Inf|Voice=Mid	_	_	_	@vvm1939m-words#@vvm1939m#23.902#24.311
26	профессии	профессия	NOUN	_	Animacy=Inan|Case=Dat|Gender=Fem|Number=Sing	_	_	_	@vvm1939m-words#@vvm1939m#24.311#24.72
27	/	/	PUNCT	_	_	_	_	_	@vvm1939m-words#@vvm1939m#24.72#25.129
28	зарабатывать	зарабатывать	VERB	_	Aspect=Imp|VerbForm=Inf|Voice=Act	_	_	_	@vvm1939m-words#@vvm1939m#25.129#25.538
29	деньги	деньги	NOUN	_	Animacy=Inan|Case=Acc|Gender=Fem|Number=Plur	_	_	_	@vvm1939m-words#@vvm1939m#25.538#25.947
30	/	/	PUNCT	_	_	_	_	_	@vvm1939m-words#@vvm1939m#25.947#26.356
31	от	от	ADP	_	_	_	_	_	@vvm1939m-words#@vvm1939m#26.356#26.765
32	профессии	профессия	NOUN	_	Animacy=Inan|Case=Gen|Gender=Fem|Number=Sing	_	_	_	@vvm1939m-words#@vvm1939m#26.765#27.174
33	/	/	PUNCT	_	_	_	_	_	@vvm1939m-words#@vvm1939m#27.174#27.583
34	как	как	SCONJ	_	_	_	_	_	@vvm1939m-words#@vvm1939m#27.583#27.992
35	вот	вот	PART	_	_	_	_	_	@vvm1939m-words#@vvm1939m#27.992#28.402
36	тот	тот	PRON	_	Animacy=Inan|Case=Nom|Gender=Masc|Number=Sing	_	_	_	@vvm1939m-words#@vvm1939m#29.987#30.407
37	/	/	PUNCT	_	_	_	_	_	@vvm1939m-words#@vvm1939m#30.407#30.827
38	как	как	SCONJ	_	_	_	_	_	@vvm1939m-words#@vvm1939m#30.827#31.247
39	кто	кто	PRON	_	Case=Nom	_	_	_	@vvm1939m-words#@vvm1939m#31.247#31.667
40	сумел	суметь	VERB	_	Aspect=Perf|Gender=Masc|Mood=Ind|Number=Sing|Tense=Past|VerbForm=Fin|Voice=Act	_	_	_	@vvm1939m-words#@vvm1939m#31.667#32.087
41	и	и	CCONJ	_	_	_	_	_	@vvm1939m-words#@vvm1939m#32.087#32.507
42	так	так	ADV	_	Degree=Pos	_	_	_	@vvm1939m-words#@vvm1939m#32.507#32.927
43	далее	далее	ADV	_	Degree=Cmp	_	_	_	@vvm1939m-words#@vvm1939m#32.927#33.35
44	вот	вот	PART	_	_	_	_	_	@vvm1939m-words#@vvm1939m#33.487#33.721
45	им	они	PRON	_	Case=Dat|Number=Plur|Person=3	_	_	_	@vvm1939m-words#@vvm1939m#33.721#33.955
46	/	/	PUNCT	_	_	_	_	_	@vvm1939m-words#@vvm1939m#33.955#34.189
47	это	это	PRON	_	Animacy=Inan|Case=Nom|Gender=Neut|Number=Sing	_	_	_	@vvm1939m-words#@vvm1939m#34.189#34.423
48	это	это	PRON	_	Animacy=Inan|Case=Nom|Gender=Neut|Number=Sing	_	_	_	@vvm1939m-words#@vvm1939m#34.423#34.657
49	их	они	PRON	_	Case=Acc|Number=Plur|Person=3	_	_	_	@vvm1939m-words#@vvm1939m#34.657#34.891
50	интересует	интересовать	VERB	_	Aspect=Imp|Mood=Ind|Number=Sing|Person=3|Tense=Pres|VerbForm=Fin|Voice=Act	_	_	_	@vvm1939m-words#@vvm1939m#34.891#35.129
51	у	у	ADP	_	_	_	_	_	@vvm1939m-words#@vvm1939m#35.168#35.648
52	меня	я	PRON	_	Case=Gen|Number=Sing|Person=1	_	_	_	@vvm1939m-words#@vvm1939m#35.648#36.128
53	какие-то	какой-то	PRON	_	Animacy=Inan|Case=Nom|Number=Plur	_	_	_	@vvm1939m-words#@vvm1939m#36.128#36.608
54	#покашливание#	#покашливание#	X	_		_	_	_	@vvm1939m-words#@vvm1939m#36.608#37.09
55	идейные	идейный	ADJ	_	Case=Nom|Degree=Pos|Number=Plur	_	_	_	@vvm1939m-words#@vvm1939m#38.233#38.854
56	споры	спор	NOUN	_	Animacy=Inan|Case=Nom|Gender=Masc|Number=Plur	_	_	_	@vvm1939m-words#@vvm1939m#38.854#39.475
57	идут	идти	VERB	_	Aspect=Imp|Mood=Ind|Number=Plur|Person=3|Tense=Pres|VerbForm=Fin|Voice=Act	_	_	_	@vvm1939m-words#@vvm1939m#39.475#40.096
58	/	/	PUNCT	_	_	_	_	_	@vvm1939m-words#@vvm1939m#40.096#40.717
59	с	с	ADP	_	_	_	_	_	@vvm1939m-words#@vvm1939m#40.717#41.338
60	внуком	внук	NOUN	_	Animacy=Anim|Case=Ins|Gender=Masc|Number=Sing	_	_	_	@vvm1939m-words#@vvm1939m#41.338#41.961
61	там	там	ADV	_	Degree=Pos	_	_	_	@vvm1939m-words#@vvm1939m#42.324#42.774
62	семнадцать	семнадцать	NUM	_	Case=Nom	_	_	_	@vvm1939m-words#@vvm1939m#42.774#43.224
63	лет	год	NOUN	_	Animacy=Inan|Case=Gen|Gender=Masc|Number=Plur	_	_	_	@vvm1939m-words#@vvm1939m#43.224#43.674
64	/	/	PUNCT	_	_	_	_	_	@vvm1939m-words#@vvm1939m#43.674#44.124
65	вот	вот	PART	_	_	_	_	_	@vvm1939m-words#@vvm1939m#44.124#44.574
66	он	он	PRON	_	Case=Nom|Gender=Masc|Number=Sing|Person=3	_	_	_	@vvm1939m-words#@vvm1939m#44.574#45.024
67	уже	уже	ADV	_	Degree=Pos	_	_	_	@vvm1939m-words#@vvm1939m#45.024#45.474
68	гораздо	гораздо	ADV	_	Degree=Pos	_	_	_	@vvm1939m-words#@vvm1939m#45.474#45.924
69	более	более	ADV	_	Degree=Cmp	_	_	_	@vvm1939m-words#@vvm1939m#45.924#46.374
70	/	/	PUNCT	_	_	_	_	_	@vvm1939m-words#@vvm1939m#46.374#46.824
71	революционно	революционно	ADV	_	Degree=Pos	_	_	_	@vvm1939m-words#@vvm1939m#48.441#48.826
72	настроен	настроить	VERB	_	Aspect=Perf|Gender=Masc|Number=Sing|Tense=Past|Variant=Short|VerbForm=Part|Voice=Pass	_	_	_	@vvm1939m-words#@vvm1939m#48.826#49.211
73	/	/	PUNCT	_	_	_	_	_	@vvm1939m-words#@vvm1939m#49.211#49.596
74	я	я	PRON	_	Case=Nom|Number=Sing|Person=1	_	_	_	@vvm1939m-words#@vvm1939m#49.596#49.981
75	понимаю	понимать	VERB	_	Aspect=Imp|Mood=Ind|Number=Sing|Person=1|Tense=Pres|VerbForm=Fin|Voice=Act	_	_	_	@vvm1939m-words#@vvm1939m#49.981#50.366
76	/	/	PUNCT	_	_	_	_	_	@vvm1939m-words#@vvm1939m#50.366#50.751
77	что	что	SCONJ	_	_	_	_	_	@vvm1939m-words#@vvm1939m#50.751#51.136
78	это	это	PRON	_	Animacy=Inan|Case=Nom|Gender=Neut|Number=Sing	_	_	_	@vvm1939m-words#@vvm1939m#51.136#51.521
79	поколение	поколение	NOUN	_	Animacy=Inan|Case=Nom|Gender=Neut|Number=Sing	_	_	_	@vvm1939m-words#@vvm1939m#51.521#51.906
80	/	/	PUNCT	_	_	_	_	_	@vvm1939m-words#@vvm1939m#51.906#52.291
81	это	это	PRON	_	Animacy=Inan|Case=Nom|Gender=Neut|Number=Sing	_	_	_	@vvm1939m-words#@vvm1939m#52.291#52.676
82	не	не	PART	_	_	_	_	_	@vvm1939m-words#@vvm1939m#52.676#53.061
83	только	только	PART	_	_	_	_	_	@vvm1939m-words#@vvm1939m#53.061#53.454
84	но	но	CCONJ	_	_	_	_	_	@vvm1939m-words#@vvm1939m#54.974#55.45
85	пока	пока	ADV	_	Degree=Pos	_	_	_	@vvm1939m-words#@vvm1939m#55.45#55.926
86	что	что	SCONJ	_	_	_	_	_	@vvm1939m-words#@vvm1939m#55.926#56.402
87	это	это	PRON	_	Animacy=Inan|Case=Nom|Gender=Neut|Number=Sing	_	_	_	@vvm1939m-words#@vvm1939m#56.402#56.878
88	глупо	глупый	ADJ	_	Degree=Pos|Gender=Neut|Number=Sing|Variant=Short	_	_	_	@vvm1939m-words#@vvm1939m#56.878#57.354
89	/	/	PUNCT	_	_	_	_	_	@vvm1939m-words#@vvm1939m#57.354#57.83
90	то	то	PRON	_	Animacy=Inan|Case=Nom|Gender=Neut|Number=Sing	_	_	_	@vvm1939m-words#@vvm1939m#57.83#58.306
91	/	/	PUNCT	_	_	_	_	_	@vvm1939m-words#@vvm1939m#58.306#58.782
92	что	что	SCONJ	_	_	_	_	_	@vvm1939m-words#@vvm1939m#58.782#59.258
93	он	он	PRON	_	Case=Nom|Gender=Masc|Number=Sing|Person=3	_	_	_	@vvm1939m-words#@vvm1939m#59.258#59.734
94	говорит	говорить	VERB	_	Aspect=Imp|Mood=Ind|Number=Sing|Person=3|Tense=Pres|VerbForm=Fin|Voice=Act	_	_	_	@vvm1939m-words#@vvm1939m#59.734#60.22
95	ну	ну	PART	_	_	_	_	_	@vvm1939m-words#@vvm1939m#64.889#65.185
96	в	в	ADP	_	_	_	_	_	@vvm1939m-words#@vvm1939m#65.185#65.481
97	принципе	принцип	NOUN	_	Animacy=Inan|Case=Loc|Gender=Masc|Number=Sing	_	_	_	@vvm1939m-words#@vvm1939m#65.481#65.777
98	что	что	SCONJ	_	_	_	_	_	@vvm1939m-words#@vvm1939m#65.777#66.073
99	все	все	PRON	_	Animacy=Inan|Case=Nom|Gender=Neut|Number=Sing	_	_	_	@vvm1939m-words#@vvm1939m#66.073#66.369
100	плохо	плохой	ADV	_	Degree=Pos	_	_	_	@vvm1939m-words#@vvm1939m#66.369#66.668
101	все	все	PRON	_	Animacy=Inan|Case=Nom|Gender=Neut|Number=Sing	_	_	_	@vvm1939m-words#@vvm1939m#66.811#67.515
102	плохо	плохой	ADV	_	Degree=Pos	_	_	_	@vvm1939m-words#@vvm1939m#67.515#68.22
103	все	все	PRON	_	Animacy=Inan|Case=Nom|Gender=Neut|Number=Sing	_	_	_	@vvm1939m-words#@vvm1939m#69.149#69.49
104	/	/	PUNCT	_	_	_	_	_	@vvm1939m-words#@vvm1939m#69.49#69.831
105	начальство	начальство	NOUN	_	Animacy=Inan|Case=Nom|Gender=Neut|Number=Sing	_	_	_	@vvm1939m-words#@vvm1939m#69.831#70.172
106	не	не	PART	_	_	_	_	_	@vvm1939m-words#@vvm1939m#70.172#70.513
107	то	то	PRON	_	Animacy=Inan|Case=Nom|Gender=Neut|Number=Sing	_	_	_	@vvm1939m-words#@vvm1939m#70.513#70.854
108	/	/	PUNCT	_	_	_	_	_	@vvm1939m-words#@vvm1939m#70.854#71.195
109	люди	человек	NOUN	_	Animacy=Anim|Case=Nom|Gender=Masc|Number=Plur	_	_	_	@vvm1939m-words#@vvm1939m#71.195#71.536
110	не	не	PART	_	_	_	_	_	@vvm1939m-words#@vvm1939m#71.536#71.877
111	те	тот	PRON	_	Animacy=Inan|Case=Nom|Number=Plur	_	_	_	@vvm1939m-words#@vvm1939m#71.877#72.22
112	э	э	INTJ	_	_	_	_	_	@vvm1939m-words#@vvm1939m#73.253#73.841
113	надо	надо	PRED	_	_	_	_	_	@vvm1939m-words#@vvm1939m#73.841#74.429
114	гораздо	гораздо	ADV	_	Degree=Pos	_	_	_	@vvm1939m-words#@vvm1939m#74.429#75.017
115	острее	остро	ADV	_	Degree=Cmp	_	_	_	@vvm1939m-words#@vvm1939m#75.017#75.605
116	и	и	CCONJ	_	_	_	_	_	@vvm1939m-words#@vvm1939m#75.605#76.193
117	сильнее	сильно	ADV	_	Degree=Cmp	_	_	_	@vvm1939m-words#@vvm1939m#76.193#76.781
118	действовать	действовать	VERB	_	Aspect=Imp|VerbForm=Inf|Voice=Act	_	_	_	@vvm1939m-words#@vvm1939m#76.781#77.369
119	и	и	CCONJ	_	_	_	_	_	@vvm1939m-words#@vvm1939m#77.369#77.957
120	так	так	ADV	_	Degree=Pos	_	_	_	@vvm1939m-words#@vvm1939m#77.957#78.545
121	далее	далее	ADV	_	Degree=Cmp	_	_	_	@vvm1939m-words#@vvm1939m#78.545#79.133
122	э	э	INTJ	_	_	_	_	_	@vvm1939m-words#@vvm1939m#79.133#79.727
123	угу	угу	INTJ	_	_	_	_	_	@vvm1939m-words#@vvm1939m#82.487#82.818
124	/	/	PUNCT	_	_	_	_	_	@vvm1939m-words#@vvm1939m#82.818#83.149
125	нет	нет	PRED	_	_	_	_	_	@vvm1939m-words#@vvm1939m#88.889#89.221
126	/	/	PUNCT	_	_	_	_	_	@vvm1939m-words#@vvm1939m#89.221#89.553
127	не	не	PART	_	_	_	_	_	@vvm1939m-words#@vvm1939m#89.553#89.885
128	пожалел	пожалеть	VERB	_	Aspect=Perf|Gender=Masc|Mood=Ind|Number=Sing|Tense=Past|VerbForm=Fin|Voice=Act	_	_	_	@vvm1939m-words#@vvm1939m#89.885#90.22
129	честно	честно	ADV	_	Degree=Pos	_	_	_	@vvm1939m-words#@vvm1939m#92.954#93.259
130	вам	вы	PRON	_	Case=Dat|Number=Plur|Person=2	_	_	_	@vvm1939m-words#@vvm1939m#93.259#93.564
131	скажу	сказать	VERB	_	Aspect=Perf|Mood=Ind|Number=Sing|Person=1|Tense=Fut|VerbForm=Fin|Voice=Act	_	_	_	@vvm1939m-words#@vvm1939m#93.564#93.869
132	/	/	PUNCT	_	_	_	_	_	@vvm1939m-words#@vvm1939m#93.869#94.174
133	меня	я	PRON	_	Case=Acc|Number=Sing|Person=1	_	_	_	@vvm1939m-words#@vvm1939m#94.174#94.479
134	куда-то	куда-то	ADV	_	Degree=Pos	_	_	_	@vvm1939m-words#@vvm1939m#94.479#94.784
135	там	там	PART	_	_	_	_	_	@vvm1939m-words#@vvm1939m#94.784#95.089
136	присоединяют	присоединять	VERB	_	Aspect=Imp|Mood=Ind|Number=Plur|Person=3|Tense=Pres|VerbForm=Fin|Voice=Act	_	_	_	@vvm1939m-words#@vvm1939m#95.089#95.394
137	время	время	NOUN	_	Animacy=Inan|Case=Acc|Gender=Neut|Number=Sing	_	_	_	@vvm1939m-words#@vvm1939m#95.394#95.699
138	от	от	ADP	_	_	_	_	_	@vvm1939m-words#@vvm1939m#95.699#96.004
139	времени	время	NOUN	_	Animacy=Inan|Case=Gen|Gender=Neut|Number=Sing	_	_	_	@vvm1939m-words#@vvm1939m#96.004#96.311
140	я	я	PRON	_	Case=Nom|Number=Sing|Person=1	_	_	_	@vvm1939m-words#@vvm1939m#96.681#96.993
141	никуда	никуда	ADV	_	Degree=Pos	_	_	_	@vvm1939m-words#@vvm1939m#96.993#97.305
142	не	не	PART	_	_	_	_	_	@vvm1939m-words#@vvm1939m#97.305#97.617
143	плачу	платить	VERB	_	Aspect=Imp|Mood=Ind|Number=Sing|Person=1|Tense=Pres|VerbForm=Fin|Voice=Act	_	_	_	@vvm1939m-words#@vvm1939m#97.617#97.929
144	взносы	взнос	NOUN	_	Animacy=Inan|Case=Acc|Gender=Masc|Number=Plur	_	_	_	@vvm1939m-words#@vvm1939m#97.929#98.241
145	/	/	PUNCT	_	_	_	_	_	@vvm1939m-words#@vvm1939m#98.241#98.553
146	ничего	ничто	PRON	_	Case=Gen	_	_	_	@vvm1939m-words#@vvm1939m#98.553#98.865
147	не	не	PART	_	_	_	_	_	@vvm1939m-words#@vvm1939m#98.865#99.177
148	знаю	знать	VERB	_	Aspect=Imp|Mood=Ind|Number=Sing|Person=1|Tense=Pres|VerbForm=Fin|Voice=Act	_	_	_	@vvm1939m-words#@vvm1939m#99.177#99.489
149	/	/	PUNCT	_	_	_	_	_	@vvm1939m-words#@vvm1939m#99.489#99.801
150	все	все	PRON	_	Animacy=Inan|Case=Nom|Gender=Neut|Number=Sing	_	_	_	@vvm1939m-words#@vvm1939m#99.801#100.113
151	равно	равный	ADJ	_	Degree=Pos|Gender=Neut|Number=Sing|Variant=Short	_	_	_	@vvm1939m-words#@vvm1939m#100.113#100.425
152	время	время	NOUN	_	Animacy=Inan|Case=Acc|Gender=Neut|Number=Sing	_	_	_	@vvm1939m-words#@vvm1939m#100.425#100.737
153	от	от	ADP	_	_	_	_	_	@vvm1939m-words#@vvm1939m#100.737#101.049
154	времени	время	NOUN	_	Animacy=Inan|Case=Gen|Gender=Neut|Number=Sing	_	_	_	@vvm1939m-words#@vvm1939m#101.049#101.361
155	я	я	PRON	_	Case=Nom|Number=Sing|Person=1	_	_	_	@vvm1939m-words#@vvm1939m#101.361#101.673
156	имею	иметь	VERB	_	Aspect=Imp|Mood=Ind|Number=Sing|Person=1|Tense=Pres|VerbForm=Fin|Voice=Act	_	_	_	@vvm1939m-words#@vvm1939m#101.673#101.985
157	какую-то	какой-то	PRON	_	Animacy=Inan|Case=Acc|Gender=Fem|Number=Sing	_	_	_	@vvm1939m-words#@vvm1939m#101.985#102.297
158	/	/	PUNCT	_	_	_	_	_	@vvm1939m-words#@vvm1939m#102.297#102.623
159	ээ	ээ	INTJ	_	_	_	_	_	@vvm1939m-words#@vvm1939m#103.246#104.174
160	какую-то	какой-то	PRON	_	Animacy=Inan|Case=Acc|Gender=Fem|Number=Sing	_	_	_	@vvm1939m-words#@vvm1939m#104.174#105.102
161	бумажку	бумажка	NOUN	_	Animacy=Inan|Case=Acc|Gender=Fem|Number=Sing	_	_	_	@vvm1939m-words#@vvm1939m#105.102#106.03
162	получаю	получать	VERB	_	Aspect=Imp|Mood=Ind|Number=Sing|Person=1|Tense=Pres|VerbForm=Fin|Voice=Act	_	_	_	@vvm1939m-words#@vvm1939m#106.03#106.961
163	но	но	CCONJ	_	_	_	_	_	@vvm1939m-words#@vvm1939m#107.876#108.151
164	я	я	PRON	_	Case=Nom|Number=Sing|Person=1	_	_	_	@vvm1939m-words#@vvm1939m#108.151#108.426
165	не	не	PART	_	_	_	_	_	@vvm1939m-words#@vvm1939m#108.426#108.701
166	/	/	PUNCT	_	_	_	_	_	@vvm1939m-words#@vvm1939m#108.701#108.976
167	если	если	SCONJ	_	_	_	_	_	@vvm1939m-words#@vvm1939m#108.976#109.251
168	не	не	PART	_	_	_	_	_	@vvm1939m-words#@vvm1939m#109.251#109.526
169	плачу	платить	VERB	_	Aspect=Imp|Mood=Ind|Number=Sing|Person=1|Tense=Pres|VerbForm=Fin|Voice=Act	_	_	_	@vvm1939m-words#@vvm1939m#109.526#109.801
170	взносы	взнос	NOUN	_	Animacy=Inan|Case=Acc|Gender=Masc|Number=Plur	_	_	_	@vvm1939m-words#@vvm1939m#109.801#110.076
171	/	/	PUNCT	_	_	_	_	_	@vvm1939m-words#@vvm1939m#110.076#110.351
172	то	то	SCONJ	_	_	_	_	_	@vvm1939m-words#@vvm1939m#110.351#110.626
173	кто	кто	PRON	_	Case=Nom	_	_	_	@vvm1939m-words#@vvm1939m#110.626#110.901
174	я	я	PRON	_	Case=Nom|Number=Sing|Person=1	_	_	_	@vvm1939m-words#@vvm1939m#110.901#111.176
175	?	?	PUNCT	_	_	_	_	_	@vvm1939m-words#@vvm1939m#111.176#111.451
176	/	/	PUNCT	_	_	_	_	_	@vvm1939m-words#@vvm1939m#111.451#111.726
177	никто	никто	PRON	_	Case=Nom	_	_	_	@vvm1939m-words#@vvm1939m#111.726#112.001
178	наверное	наверное	ADV	_	Degree=Pos	_	_	_	@vvm1939m-words#@vvm1939m#112.001#112.276
179	/	/	PUNCT	_	_	_	_	_	@vvm1939m-words#@vvm1939m#112.276#112.564
180	в	в	ADP	_	_	_	_	_	@vvm1939m-words#@vvm1939m#122.805#123.157
181	основном	основной	ADJ	_	Case=Loc|Degree=Pos|Gender=Neut|Number=Sing	_	_	_	@vvm1939m-words#@vvm1939m#123.157#123.509
182	в	в	ADP	_	_	_	_	_	@vvm1939m-words#@vvm1939m#123.509#123.861
183	качестве	качество	NOUN	_	Animacy=Inan|Case=Loc|Gender=Neut|Number=Sing	_	_	_	@vvm1939m-words#@vvm1939m#123.861#124.213
184	председателя	председатель	NOUN	_	Animacy=Anim|Case=Gen|Gender=Masc|Number=Sing	_	_	_	@vvm1939m-words#@vvm1939m#124.213#124.565
185	жюри	жюри	NOUN	_	Animacy=Inan|Case=Gen|Gender=Neut|Number=Sing	_	_	_	@vvm1939m-words#@vvm1939m#124.565#124.922
186	смотрю	смотреть	VERB	_	Aspect=Imp|Mood=Ind|Number=Sing|Person=1|Tense=Pres|VerbForm=Fin|Voice=Act	_	_	_	@vvm1939m-words#@vvm1939m#125.415#126.022
187	картины	картина	NOUN	_	Animacy=Inan|Case=Acc|Gender=Fem|Number=Plur	_	_	_	@vvm1939m-words#@vvm1939m#126.022#126.629
188	и	и	CCONJ	_	_	_	_	_	@vvm1939m-words#@vvm1939m#127.025#127.444
189	кино	кино	NOUN	_	Animacy=Inan|Case=Nom|Gender=Neut|Number=Plur	_	_	_	@vvm1939m-words#@vvm1939m#127.444#127.863
190	неплохие	неплохой	NOUN	_	Animacy=Inan|Case=Nom|Number=Plur	_	_	_	@vvm1939m-words#@vvm1939m#127.863#128.282
191	бывают	бывать	VERB	_	Aspect=Imp|Mood=Ind|Number=Plur|Person=3|Tense=Pres|VerbForm=Fin|Voice=Act	_	_	_	@vvm1939m-words#@vvm1939m#128.282#128.701
192	/	/	PUNCT	_	_	_	_	_	@vvm1939m-words#@vvm1939m#128.701#129.123
193	да	да	PART	_	_	_	_	_	@vvm1939m-words#@vvm1939m#130.376#131.045
194	фильмы	фильм	NOUN	_	Animacy=Inan|Case=Nom|Gender=Masc|Number=Plur	_	_	_	@vvm1939m-words#@vvm1939m#132.168#132.648
195	неплохие	неплохой	ADJ	_	Case=Nom|Degree=Pos|Number=Plur	_	_	_	@vvm1939m-words#@vvm1939m#132.648#133.129
196	вот	вот	PART	_	_	_	_	_	@vvm1939m-words#@vvm1939m#133.266#133.675
197	сейчас	сейчас	ADV	_	Degree=Pos	_	_	_	@vvm1939m-words#@vvm1939m#133.675#134.084
198	я	я	PRON	_	Case=Nom|Number=Sing|Person=1	_	_	_	@vvm1939m-words#@vvm1939m#134.084#134.493
199	был	быть	AUX	_	Aspect=Imp|Gender=Masc|Mood=Ind|Number=Sing|Tense=Past|VerbForm=Fin|Voice=Act	_	_	_	@vvm1939m-words#@vvm1939m#134.493#134.902
200	председателем	председатель	NOUN	_	Animacy=Anim|Case=Ins|Gender=Masc|Number=Sing	_	_	_	@vvm1939m-words#@vvm1939m#134.902#135.311
201	жюри	жюри	NOUN	_	Animacy=Inan|Case=Ins|Gender=Neut|Number=Sing	_	_	_	@vvm1939m-words#@vvm1939m#135.311#135.72
202	на	на	ADP	_	_	_	_	_	@vvm1939m-words#@vvm1939m#135.72#136.129
203	Сахалине	Сахалин	PROPN	_	Animacy=Inan|Case=Loc|Gender=Masc|Number=Sing	_	_	_	@vvm1939m-words#@vvm1939m#136.129#136.538
204	/	/	PUNCT	_	_	_	_	_	@vvm1939m-words#@vvm1939m#136.538#136.947
205	там	там	ADV	_	Degree=Pos	_	_	_	@vvm1939m-words#@vvm1939m#136.947#137.356
206	было	быть	VERB	_	Aspect=Imp|Gender=Neut|Mood=Ind|Number=Sing|Tense=Past|VerbForm=Fin|Voice=Act	_	_	_	@vvm1939m-words#@vvm1939m#137.356#137.766
207	э	э	INTJ	_	_	_	_	_	@vvm1939m-words#@vvm1939m#139.24#139.689
208	из	из	ADP	_	_	_	_	_	@vvm1939m-words#@vvm1939m#139.689#140.138
209	сериальных	сериальный	ADJ	_	Case=Gen|Degree=Pos|Number=Plur	_	_	_	@vvm1939m-words#@vvm1939m#140.138#140.587
210	фильмов	фильм	NOUN	_	Animacy=Inan|Case=Gen|Gender=Masc|Number=Plur	_	_	_	@vvm1939m-words#@vvm1939m#140.587#141.038
211	я	я	PRON	_	Case=Nom|Number=Sing|Person=1	_	_	_	@vvm1939m-words#@vvm1939m#141.629#142.006
212	должен	должный	ADJ	_	Degree=Pos|Gender=Masc|Number=Sing|Variant=Short	_	_	_	@vvm1939m-words#@vvm1939m#142.006#142.383
213	сказать	сказать	VERB	_	Aspect=Perf|VerbForm=Inf|Voice=Act	_	_	_	@vvm1939m-words#@vvm1939m#142.383#142.76
214	/	/	PUNCT	_	_	_	_	_	@vvm1939m-words#@vvm1939m#142.76#143.137
215	что	что	SCONJ	_	_	_	_	_	@vvm1939m-words#@vvm1939m#143.137#143.514
216	сериалы	сериал	NOUN	_	Animacy=Inan|Case=Nom|Gender=Masc|Number=Plur	_	_	_	@vvm1939m-words#@vvm1939m#143.514#143.891
217	очень	очень	ADV	_	Degree=Pos	_	_	_	@vvm1939m-words#@vvm1939m#143.891#144.268
218	интересные	интересный	ADJ	_	Case=Nom|Degree=Pos|Number=Plur	_	_	_	@vvm1939m-words#@vvm1939m#144.268#144.645
219	/	/	PUNCT	_	_	_	_	_	@vvm1939m-words#@vvm1939m#144.645#145.022
220	очень	очень	ADV	_	Degree=Pos	_	_	_	@vvm1939m-words#@vvm1939m#145.022#145.399
221	просто	просто	PART	_	_	_	_	_	@vvm1939m-words#@vvm1939m#145.399#145.779
222	ну	ну	PART	_	_	_	_	_	@vvm1939m-words#@vvm1939m#146.428#146.819
223	вот	вот	PART	_	_	_	_	_	@vvm1939m-words#@vvm1939m#146.819#147.21
224	этот	этот	DET	_	Case=Acc|Gender=Masc|Number=Sing	_	_	_	@vvm1939m-words#@vvm1939m#147.21#147.603
225	и	и	CCONJ	_	_	_	_	_	@vvm1939m-words#@vvm1939m#149.909#150.268
226	с	с	ADP	_	_	_	_	_	@vvm1939m-words#@vvm1939m#150.268#150.627
227	/	/	PUNCT	_	_	_	_	_	@vvm1939m-words#@vvm1939m#150.627#150.986
228	пониманием	понимание	NOUN	_	Animacy=Inan|Case=Ins|Gender=Neut|Number=Sing	_	_	_	@vvm1939m-words#@vvm1939m#150.986#151.345
229	/	/	PUNCT	_	_	_	_	_	@vvm1939m-words#@vvm1939m#151.345#151.704
230	и	и	CCONJ	_	_	_	_	_	@vvm1939m-words#@vvm1939m#151.704#152.063
231	с	с	ADP	_	_	_	_	_	@vvm1939m-words#@vvm1939m#152.063#152.422
232	юмором	юмор	NOUN	_	Animacy=Inan|Case=Ins|Gender=Masc|Number=Sing	_	_	_	@vvm1939m-words#@vvm1939m#152.422#152.781
233	и	и	CCONJ	_	_	_	_	_	@vvm1939m-words#@vvm1939m#152.781#153.14
234	с	с	ADP	_	_	_	_	_	@vvm1939m-words#@vvm1939m#153.14#153.499
235	/	/	PUNCT	_	_	_	_	_	@vvm1939m-words#@vvm1939m#153.499#153.863
236	решениями	решение	NOUN	_	Animacy=Inan|Case=Ins|Gender=Neut|Number=Plur	_	_	_	@vvm1939m-words#@vvm1939m#154.922#155.48
237	/	/	PUNCT	_	_	_	_	_	@vvm1939m-words#@vvm1939m#155.48#156.038
238	«Домашний	«Домашний	NOUN	_	Animacy=Inan|Case=Nom|Gender=Masc|Number=Sing	_	_	_	@vvm1939m-words#@vvm1939m#156.038#156.596
239	арест»	арест»	NOUN	_	Animacy=Inan|Case=Nom|Gender=Masc|Number=Sing	_	_	_	@vvm1939m-words#@vvm1939m#156.596#157.154
240	/	/	PUNCT	_	_	_	_	_	@vvm1939m-words#@vvm1939m#157.154#157.712
241	потом	потом	ADV	_	Degree=Pos	_	_	_	@vvm1939m-words#@vvm1939m#157.712#158.27
242	/	/	PUNCT	_	_	_	_	_	@vvm1939m-words#@vvm1939m#158.27#158.828
243	«Звоните	«Звонить	VERB	_	Aspect=Imp|Mood=Imp|Number=Plur|Person=2|VerbForm=Fin|Voice=Act	_	_	_	@vvm1939m-words#@vvm1939m#158.828#159.386
244	Ди	Ди	PART	_		_	_	_	@vvm1939m-words#@vvm1939m#159.386#159.944
245	Каприо»	Каприо»	NOUN	_	Animacy=Inan|Case=Acc|Number=Sing	_	_	_	@vvm1939m-words#@vvm1939m#159.944#160.506
246	очень	очень	ADV	_	Degree=Pos	_	_	_	@vvm1939m-words#@vvm1939m#160.941#161.709
247	талантливый	талантливый	ADJ	_	Case=Nom|Degree=Pos|Gender=Masc|Number=Sing	_	_	_	@vvm1939m-words#@vvm1939m#161.709#162.477
248	человек	человек	NOUN	_	Animacy=Anim|Case=Nom|Gender=Masc|Number=Sing	_	_	_	@vvm1939m-words#@vvm1939m#162.477#163.245
249	/	/	PUNCT	_	_	_	_	_	@vvm1939m-words#@vvm1939m#163.245#164.013
250	Жора	Жора	NOUN	_	Animacy=Anim|Case=Nom|Gender=Masc|Number=Sing	_	_	_	@vvm1939m-words#@vvm1939m#164.013#164.781
251	Крыжовников	Крыжовников	PROPN	_	Animacy=Anim|Case=Nom|Gender=Masc|Number=Sing	_	_	_	@vvm1939m-words#@vvm1939m#164.781#165.551
252	потом	потом	ADV	_	Degree=Pos	_	_	_	@vvm1939m-words#@vvm1939m#166.344#167.733
253	«Ненастье»	«Ненастье»	NOUN	_	Animacy=Inan|Case=Nom|Gender=Neut|Number=Sing	_	_	_	@vvm1939m-words#@vvm1939m#167.733#169.123
254	вы	вы	PRON	_	Case=Nom|Number=Plur|Person=2	_	_	_	@vvm1939m-words#@vvm1939m#169.233#169.437
255	даже	даже	PART	_	_	_	_	_	@vvm1939m-words#@vvm1939m#169.437#169.641
256	не	не	PART	_	_	_	_	_	@vvm1939m-words#@vvm1939m#169.641#169.845
257	знаете	знать	VERB	_	Aspect=Imp|Mood=Ind|Number=Plur|Person=2|Tense=Pres|VerbForm=Fin|Voice=Act	_	_	_	@vvm1939m-words#@vvm1939m#169.845#170.049
258	эти	этот	PRON	_	Animacy=Inan|Case=Nom|Number=Plur	_	_	_	@vvm1939m-words#@vvm1939m#170.049#170.253
259	фильмы	фильм	NOUN	_	Animacy=Inan|Case=Acc|Gender=Masc|Number=Plur	_	_	_	@vvm1939m-words#@vvm1939m#170.253#170.457
260	да	да	PART	_	_	_	_	_	@vvm1939m-words#@vvm1939m#170.457#170.661
261	?	?	PUNCT	_	_	_	_	_	@vvm1939m-words#@vvm1939m#170.661#170.87
262	#смеется#	#смеется#	X	_		_	_	_	@vvm1939m-words#@vvm1939m#171.103#171.748
263	напрасно	напрасно	ADV	_	Degree=Pos	_	_	_	@vvm1939m-words#@vvm1939m#171.748#172.393
264	/	/	PUNCT	_	_	_	_	_	@vvm1939m-words#@vvm1939m#172.393#173.038
265	если	если	SCONJ	_	_	_	_	_	@vvm1939m-words#@vvm1939m#176.35#176.691
266	не	не	PART	_	_	_	_	_	@vvm1939m-words#@vvm1939m#176.691#177.032
267	сериалы	сериал	NOUN	_	Animacy=Inan|Case=Nom|Gender=Masc|Number=Plur	_	_	_	@vvm1939m-words#@vvm1939m#177.032#177.373
268	?	?	PUNCT	_	_	_	_	_	@vvm1939m-words#@vvm1939m#177.373#177.714
269	ну	ну	PART	_	_	_	_	_	@vvm1939m-words#@vvm1939m#180.785#181.351
270	у	у	ADP	_	_	_	_	_	@vvm1939m-words#@vvm1939m#181.351#181.917
271	меня	я	PRON	_	Case=Gen|Number=Sing|Person=1	_	_	_	@vvm1939m-words#@vvm1939m#181.917#182.483
272	из	из	ADP	_	_	_	_	_	@vvm1939m-words#@vvm1939m#182.483#183.049
273	/	/	PUNCT	_	_	_	_	_	@vvm1939m-words#@vvm1939m#183.049#183.615
274	сильных	сильный	ADJ	_	Case=Gen|Degree=Pos|Number=Plur	_	_	_	@vvm1939m-words#@vvm1939m#183.615#184.181
275	ощущений	ощущение	NOUN	_	Animacy=Inan|Case=Gen|Gender=Neut|Number=Plur	_	_	_	@vvm1939m-words#@vvm1939m#184.181#184.747
276	/	/	PUNCT	_	_	_	_	_	@vvm1939m-words#@vvm1939m#184.747#185.313
277	это	это	PRON	_	Animacy=Inan|Case=Nom|Gender=Neut|Number=Sing	_	_	_	@vvm1939m-words#@vvm1939m#185.313#185.879
278	картина	картина	NOUN	_	Animacy=Inan|Case=Nom|Gender=Fem|Number=Sing	_	_	_	@vvm1939m-words#@vvm1939m#185.879#186.445
279	«Горько»	«Горько»	PRED	_	_	_	_	_	@vvm1939m-words#@vvm1939m#186.445#187.012
280	и	и	CCONJ	_	_	_	_	_	@vvm1939m-words#@vvm1939m#187.805#188.166
281	«Горько	«Горько	PRED	_	_	_	_	_	@vvm1939m-words#@vvm1939m#188.166#188.527
282	два»	два»	NUM	_	Case=Nom	_	_	_	@vvm1939m-words#@vvm1939m#188.527#188.888
283	тоже	тоже	PART	_	_	_	_	_	@vvm1939m-words#@vvm1939m#188.888#189.249
284	хорошее	хороший	ADJ	_	Case=Nom|Degree=Pos|Gender=Neut|Number=Sing	_	_	_	@vvm1939m-words#@vvm1939m#189.249#189.61
285	в	в	ADP	_	_	_	_	_	@vvm1939m-words#@vvm1939m#189.74#190.124
286	общем	общий	ADJ	_	Case=Loc|Degree=Pos|Gender=Masc|Number=Sing	_	_	_	@vvm1939m-words#@vvm1939m#190.124#190.508
287	этот	этот	PRON	_	Animacy=Inan|Case=Nom|Gender=Masc|Number=Sing	_	_	_	@vvm1939m-words#@vvm1939m#190.508#190.892
288	Жора	Жора	PROPN	_	Animacy=Anim|Case=Nom|Gender=Masc|Number=Sing	_	_	_	@vvm1939m-words#@vvm1939m#190.892#191.276
289	Крыжовников	Крыжовников	PROPN	_	Animacy=Anim|Case=Nom|Gender=Masc|Number=Sing	_	_	_	@vvm1939m-words#@vvm1939m#191.276#191.66
290	/	/	PUNCT	_	_	_	_	_	@vvm1939m-words#@vvm1939m#191.66#192.044
291	который	который	PRON	_	Case=Nom	_	_	_	@vvm1939m-words#@vvm1939m#192.044#192.428
292	очень	очень	ADV	_	Degree=Pos	_	_	_	@vvm1939m-words#@vvm1939m#192.428#192.812
293	ярко	ярко	ADV	_	Degree=Pos	_	_	_	@vvm1939m-words#@vvm1939m#192.812#193.196
294	начал	начать	VERB	_	Aspect=Perf|Gender=Masc|Mood=Ind|Number=Sing|Tense=Past|VerbForm=Fin|Voice=Act	_	_	_	@vvm1939m-words#@vvm1939m#193.196#193.58
295	и	и	CCONJ	_	_	_	_	_	@vvm1939m-words#@vvm1939m#193.58#193.964
296	/	/	PUNCT	_	_	_	_	_	@vvm1939m-words#@vvm1939m#193.964#194.348
297	продолжает	продолжать	VERB	_	Aspect=Imp|Mood=Ind|Number=Sing|Person=3|Tense=Pres|VerbForm=Fin|Voice=Act	_	_	_	@vvm1939m-words#@vvm1939m#194.348#194.732
298	быть	быть	VERB	_	Aspect=Imp|VerbForm=Inf|Voice=Act	_	_	_	@vvm1939m-words#@vvm1939m#194.732#195.116
299	/	/	PUNCT	_	_	_	_	_	@vvm1939m-words#@vvm1939m#195.116#195.506
300	продолжает	продолжать	VERB	_	Aspect=Imp|Mood=Ind|Number=Sing|Person=3|Tense=Pres|VerbForm=Fin|Voice=Act	_	_	_	@vvm1939m-words#@vvm1939m#196.61#197.186
301	снимать	снимать	VERB	_	Aspect=Imp|VerbForm=Inf|Voice=Act	_	_	_	@vvm1939m-words#@vvm1939m#197.186#197.762
302	очень	очень	ADV	_	Degree=Pos	_	_	_	@vvm1939m-words#@vvm1939m#197.762#198.338
303	яркие	яркий	ADJ	_	Animacy=Inan|Case=Acc|Degree=Pos|Number=Plur	_	_	_	@vvm1939m-words#@vvm1939m#198.338#198.914
304	фильмы	фильм	NOUN	_	Animacy=Inan|Case=Acc|Gender=Masc|Number=Plur	_	_	_	@vvm1939m-words#@vvm1939m#198.914#199.493
305	даже	даже	PART	_	_	_	_	_	@vvm1939m-words#@vvm1939m#199.922#200.293
306	«Самый	«Самый	ADJ	_	Animacy=Inan|Case=Acc|Degree=Sup|Gender=Masc|Number=Sing	_	_	_	@vvm1939m-words#@vvm1939m#200.293#200.664
307	лучший	лучший	ADJ	_	Animacy=Inan|Case=Acc|Degree=Sup|Gender=Masc|Number=Sing	_	_	_	@vvm1939m-words#@vvm1939m#200.664#201.035
308	день»	день»	NOUN	_	Animacy=Inan|Case=Nom|Gender=Masc|Number=Sing	_	_	_	@vvm1939m-words#@vvm1939m#201.035#201.406
309	/	/	PUNCT	_	_	_	_	_	@vvm1939m-words#@vvm1939m#201.406#201.777
310	такой	такой	DET	_	Case=Acc|Gender=Masc|Number=Sing	_	_	_	@vvm1939m-words#@vvm1939m#201.777#202.148
311	дурашливый	дурашливый	ADJ	_	Animacy=Inan|Case=Nom|Degree=Pos|Gender=Masc|Number=Sing	_	_	_	@vvm1939m-words#@vvm1939m#202.148#202.519
312	фильм	фильм	NOUN	_	Animacy=Inan|Case=Acc|Gender=Masc|Number=Sing	_	_	_	@vvm1939m-words#@vvm1939m#202.519#202.89
313	/	/	PUNCT	_	_	_	_	_	@vvm1939m-words#@vvm1939m#202.89#203.261
314	но	но	CCONJ	_	_	_	_	_	@vvm1939m-words#@vvm1939m#203.261#203.632
315	все	все	PRON	_	Animacy=Inan|Case=Nom|Gender=Neut|Number=Sing	_	_	_	@vvm1939m-words#@vvm1939m#203.632#204.003
316	равно	равный	ADJ	_	Degree=Pos|Gender=Neut|Number=Sing|Variant=Short	_	_	_	@vvm1939m-words#@vvm1939m#204.003#204.374
317	смешной	смешной	ADJ	_	Case=Nom|Degree=Pos|Gender=Masc|Number=Sing	_	_	_	@vvm1939m-words#@vvm1939m#204.374#204.745
318	и	и	CCONJ	_	_	_	_	_	@vvm1939m-words#@vvm1939m#204.745#205.116
319	у	у	ADP	_	_	_	_	_	@vvm1939m-words#@vvm1939m#207.045#207.571
320	него	он	PRON	_	Case=Gen|Gender=Masc|Number=Sing|Person=3	_	_	_	@vvm1939m-words#@vvm1939m#207.571#208.097
321	добрые	добрый	ADJ	_	Animacy=Inan|Case=Nom|Degree=Pos|Number=Plur	_	_	_	@vvm1939m-words#@vvm1939m#208.097#208.623
322	картины	картина	NOUN	_	Animacy=Inan|Case=Nom|Gender=Fem|Number=Plur	_	_	_	@vvm1939m-words#@vvm1939m#208.623#209.149
323	да	да	CCONJ	_	_	_	_	_	@vvm1939m-words#@vvm1939m#213.09#213.265
324	/	/	PUNCT	_	_	_	_	_	@vvm1939m-words#@vvm1939m#213.265#213.441
325	да	да	CCONJ	_	_	_	_	_	@vvm1939m-words#@vvm1939m#226.402#226.782
326	меня	я	PRON	_	Case=Acc|Number=Sing|Person=1	_	_	_	@vvm1939m-words#@vvm1939m#226.782#227.162
327	было	быть	AUX	_	Aspect=Imp|Gender=Neut|Mood=Ind|Number=Sing|Tense=Past|VerbForm=Fin|Voice=Act	_	_	_	@vvm1939m-words#@vvm1939m#227.162#227.542
328	тоже	тоже	PART	_	_	_	_	_	@vvm1939m-words#@vvm1939m#227.542#227.922
329	полоскали	полоскать	VERB	_	Aspect=Imp|Mood=Ind|Number=Plur|Tense=Past|VerbForm=Fin|Voice=Act	_	_	_	@vvm1939m-words#@vvm1939m#227.922#228.302
330	за	за	ADP	_	_	_	_	_	@vvm1939m-words#@vvm1939m#228.302#228.682
331	то	то	PRON	_	Animacy=Inan|Case=Acc|Gender=Neut|Number=Sing	_	_	_	@vvm1939m-words#@vvm1939m#228.682#229.062
332	что	что	CCONJ	_	_	_	_	_	@vvm1939m-words#@vvm1939m#229.062#229.442
333	я	я	PRON	_	Case=Nom|Number=Sing|Person=1	_	_	_	@vvm1939m-words#@vvm1939m#229.442#229.822
334	таких	такой	PRON	_	Animacy=Inan|Case=Acc|Number=Plur	_	_	_	@vvm1939m-words#@vvm1939m#229.822#230.202
335	/	/	PUNCT	_	_	_	_	_	@vvm1939m-words#@vvm1939m#230.202#230.582
336	дурачков	дурачок	NOUN	_	Animacy=Anim|Case=Gen|Gender=Masc|Number=Plur	_	_	_	@vvm1939m-words#@vvm1939m#230.582#230.962
337	/	/	PUNCT	_	_	_	_	_	@vvm1939m-words#@vvm1939m#230.962#231.342
338	вывел	вывести	VERB	_	Aspect=Perf|Gender=Masc|Mood=Ind|Number=Sing|Tense=Past|VerbForm=Fin|Voice=Act	_	_	_	@vvm1939m-words#@vvm1939m#231.342#231.722
339	в	в	ADP	_	_	_	_	_	@vvm1939m-words#@vvm1939m#231.722#232.102
340	картине	картина	NOUN	_	Animacy=Inan|Case=Loc|Gender=Fem|Number=Sing	_	_	_	@vvm1939m-words#@vvm1939m#232.102#232.482
341	/	/	PUNCT	_	_	_	_	_	@vvm1939m-words#@vvm1939m#232.482#232.862
342	«Любовь	«Любовь	NOUN	_	Animacy=Anim|Case=Acc|Gender=Fem|Number=Sing	_	_	_	@vvm1939m-words#@vvm1939m#232.862#233.242
343	и	и	CCONJ	_	_	_	_	_	@vvm1939m-words#@vvm1939m#233.242#233.622
344	голуби»	голуби»	NOUN	_	Animacy=Inan|Case=Gen|Gender=Fem|Number=Sing	_	_	_	@vvm1939m-words#@vvm1939m#233.622#234.006
345	тоже	тоже	PART	_	_	_	_	_	@vvm1939m-words#@vvm1939m#234.142#234.427
346	полоскали	полоскать	VERB	_	Aspect=Imp|Mood=Ind|Number=Plur|Tense=Past|VerbForm=Fin|Voice=Act	_	_	_	@vvm1939m-words#@vvm1939m#234.427#234.712
347	так	так	ADV	_	Degree=Pos	_	_	_	@vvm1939m-words#@vvm1939m#234.712#234.997
348	что	что	SCONJ	_	_	_	_	_	@vvm1939m-words#@vvm1939m#234.997#235.282
349	я	я	PRON	_	Case=Nom|Number=Sing|Person=1	_	_	_	@vvm1939m-words#@vvm1939m#235.282#235.567
350	как	как	SCONJ	_	_	_	_	_	@vvm1939m-words#@vvm1939m#235.567#235.857
351	это	это	PART	_	_	_	_	_	@vvm1939m-words#@vvm1939m#236.389#236.683
352	надо	надо	PRED	_	_	_	_	_	@vvm1939m-words#@vvm1939m#236.683#236.977
353	чуть-чуть	чуть-чуть	ADV	_	Degree=Pos	_	_	_	@vvm1939m-words#@vvm1939m#236.977#237.271
354	чтобы	чтобы	SCONJ	_	_	_	_	_	@vvm1939m-words#@vvm1939m#237.271#237.565
355	время	время	NOUN	_	Animacy=Inan|Case=Nom|Gender=Neut|Number=Sing	_	_	_	@vvm1939m-words#@vvm1939m#237.565#237.859
356	прошло	пройти	VERB	_	Aspect=Perf|Gender=Neut|Mood=Ind|Number=Sing|Tense=Past|VerbForm=Fin|Voice=Act	_	_	_	@vvm1939m-words#@vvm1939m#237.859#238.153
357	/	/	PUNCT	_	_	_	_	_	@vvm1939m-words#@vvm1939m#238.153#238.447
358	чтобы	чтобы	SCONJ	_	_	_	_	_	@vvm1939m-words#@vvm1939m#238.447#238.741
359	осело	осесть	VERB	_	Aspect=Perf|Gender=Neut|Mood=Ind|Number=Sing|Tense=Past|VerbForm=Fin|Voice=Mid	_	_	_	@vvm1939m-words#@vvm1939m#238.741#239.035
360	в	в	ADP	_	_	_	_	_	@vvm1939m-words#@vvm1939m#239.035#239.329
361	памяти	память	NOUN	_	Animacy=Inan|Case=Loc|Gender=Fem|Number=Sing	_	_	_	@vvm1939m-words#@vvm1939m#239.329#239.623
362	/	/	PUNCT	_	_	_	_	_	@vvm1939m-words#@vvm1939m#239.623#239.917
363	и	и	CCONJ	_	_	_	_	_	@vvm1939m-words#@vvm1939m#239.917#240.211
364	по…	потом	ADV	_	Degree=Pos	_	_	_	@vvm1939m-words#@vvm1939m#240.211#240.505
365	потом	потом	ADV	_	Degree=Pos	_	_	_	@vvm1939m-words#@vvm1939m#240.505#240.799
366	/	/	PUNCT	_	_	_	_	_	@vvm1939m-words#@vvm1939m#240.799#241.093
367	чего	чего	PRON	_	Case=Loc	_	_	_	@vvm1939m-words#@vvm1939m#241.093#241.387
368	я	я	PRON	_	Case=Nom|Number=Sing|Person=1	_	_	_	@vvm1939m-words#@vvm1939m#241.387#241.681
369	/	/	PUNCT	_	_	_	_	_	@vvm1939m-words#@vvm1939m#241.681#241.975
370	придирался	придираться	VERB	_	Aspect=Imp|Gender=Masc|Mood=Ind|Number=Sing|Tense=Past|VerbForm=Fin|Voice=Mid	_	_	_	@vvm1939m-words#@vvm1939m#241.975#242.269
371	к	к	ADP	_	_	_	_	_	@vvm1939m-words#@vvm1939m#242.269#242.563
372	картине	картина	NOUN	_	Animacy=Inan|Case=Dat|Gender=Fem|Number=Sing	_	_	_	@vvm1939m-words#@vvm1939m#242.563#242.857
373	?	?	PUNCT	_	_	_	_	_	@vvm1939m-words#@vvm1939m#242.857#243.168
374	нет-нет	нет-нет	PRED	_	_	_	_	_	@vvm1939m-words#@vvm1939m#243.857#244.566
375	она	она	PRON	_	Case=Nom|Gender=Fem|Number=Sing|Person=3	_	_	_	@vvm1939m-words#@vvm1939m#244.566#245.275
376	/	/	PUNCT	_	_	_	_	_	@vvm1939m-words#@vvm1939m#245.275#245.984
377	«Горько»	«Горько»	PROPN	_	Animacy=Inan|Case=Nom|Number=Sing	_	_	_	@vvm1939m-words#@vvm1939m#245.984#246.693
378	/	/	PUNCT	_	_	_	_	_	@vvm1939m-words#@vvm1939m#246.693#247.402
379	«Горько»	«Горько»	PROPN	_	Animacy=Inan|Case=Nom|Number=Sing	_	_	_	@vvm1939m-words#@vvm1939m#247.402#248.116
380	ну	ну	INTJ	_	_	_	_	_	@vvm1939m-words#@vvm1939m#248.564#248.996
381	что	что	PRON	_	Case=Acc	_	_	_	@vvm1939m-words#@vvm1939m#248.996#249.428
382	вот	вот	PART	_	_	_	_	_	@vvm1939m-words#@vvm1939m#249.428#249.86
383	это	этот	PRON	_	Animacy=Inan|Case=Nom|Gender=Neut|Number=Sing	_	_	_	@vvm1939m-words#@vvm1939m#249.86#250.292
384	свадьба	свадьба	NOUN	_	Animacy=Inan|Case=Nom|Gender=Fem|Number=Sing	_	_	_	@vvm1939m-words#@vvm1939m#250.292#250.724
385	/	/	PUNCT	_	_	_	_	_	@vvm1939m-words#@vvm1939m#250.724#251.156
386	и	и	CCONJ	_	_	_	_	_	@vvm1939m-words#@vvm1939m#251.156#251.588
387	поэтому	поэтому	ADV	_	Degree=Pos	_	_	_	@vvm1939m-words#@vvm1939m#251.588#252.02
388	естественно	естественно	ADV	_	Degree=Pos	_	_	_	@vvm1939m-words#@vvm1939m#252.02#252.452
389	там	там	ADV	_	Degree=Pos	_	_	_	@vvm1939m-words#@vvm1939m#252.452#252.884
390	много	много	NUM	_	_	_	_	_	@vvm1939m-words#@vvm1939m#252.884#253.316
391	дурного	дурной	ADJ	_	Case=Gen|Degree=Pos|Gender=Masc|Number=Sing	_	_	_	@vvm1939m-words#@vvm1939m#253.316#253.748
392	/	/	PUNCT	_	_	_	_	_	@vvm1939m-words#@vvm1939m#253.748#254.18
393	на	на	ADP	_	_	_	_	_	@vvm1939m-words#@vvm1939m#254.18#254.612
394	свадьбе	свадьба	NOUN	_	Animacy=Inan|Case=Loc|Gender=Fem|Number=Sing	_	_	_	@vvm1939m-words#@vvm1939m#254.612#255.044
395	бы-бывает	бы-бывать	VERB	_	Aspect=Imp|Mood=Ind|Number=Sing|Person=3|Tense=Pres|VerbForm=Fin|Voice=Act	_	_	_	@vvm1939m-words#@vvm1939m#255.044#255.476
396	/	/	PUNCT	_	_	_	_	_	@vvm1939m-words#@vvm1939m#255.476#255.908
397	но	но	CCONJ	_	_	_	_	_	@vvm1939m-words#@vvm1939m#255.908#256.34
398	в	в	ADP	_	_	_	_	_	@vvm1939m-words#@vvm1939m#256.34#256.772
399	принципе	принцип	NOUN	_	Animacy=Inan|Case=Loc|Gender=Masc|Number=Sing	_	_	_	@vvm1939m-words#@vvm1939m#256.772#257.204
400	она	она	PRON	_	Case=Nom|Gender=Fem|Number=Sing|Person=3	_	_	_	@vvm1939m-words#@vvm1939m#257.204#257.636
401	добрая	добрый	ADJ	_	Case=Nom|Degree=Pos|Gender=Fem|Number=Sing	_	_	_	@vvm1939m-words#@vvm1939m#257.636#258.077
402	вот	вот	PART	_	_	_	_	_	@vvm1939m-words#@vvm1939m#264.974#265.427
403	это	это	PRON	_	Animacy=Inan|Case=Acc|Gender=Neut|Number=Sing	_	_	_	@vvm1939m-words#@vvm1939m#265.427#265.88
404	мне	я	PRON	_	Case=Dat|Number=Sing|Person=1	_	_	_	@vvm1939m-words#@vvm1939m#265.88#266.333
405	в	в	ADP	_	_	_	_	_	@vvm1939m-words#@vvm1939m#266.333#266.786
406	меньшей	меньший	ADJ	_	Case=Loc|Degree=Pos|Gender=Fem|Number=Sing	_	_	_	@vvm1939m-words#@vvm1939m#266.786#267.239
407	степени	степень	NOUN	_	Animacy=Inan|Case=Loc|Gender=Fem|Number=Sing	_	_	_	@vvm1939m-words#@vvm1939m#267.239#267.692
408	/	/	PUNCT	_	_	_	_	_	@vvm1939m-words#@vvm1939m#267.692#268.145
409	привлекает	привлекать	VERB	_	Aspect=Imp|Mood=Ind|Number=Sing|Person=3|Tense=Pres|VerbForm=Fin|Voice=Act	_	_	_	@vvm1939m-words#@vvm1939m#268.145#268.603
410	не	не	PART	_	_	_	_	_	@vvm1939m-words#@vvm1939m#269.279#269.532
411	очень	очень	ADV	_	Degree=Pos	_	_	_	@vvm1939m-words#@vvm1939m#269.532#269.785
412	/	/	PUNCT	_	_	_	_	_	@vvm1939m-words#@vvm1939m#269.785#270.038
413	черт	черт	NOUN	_	Animacy=Anim|Case=Nom|Gender=Masc|Number=Sing	_	_	_	@vvm1939m-words#@vvm1939m#272.376#272.605
414	его	он	PRON	_	Case=Gen|Gender=Masc|Number=Sing|Person=3	_	_	_	@vvm1939m-words#@vvm1939m#272.605#272.834
415	/	/	PUNCT	_	_	_	_	_	@vvm1939m-words#@vvm1939m#272.834#273.063
416	я	я	PRON	_	Case=Nom|Number=Sing|Person=1	_	_	_	@vvm1939m-words#@vvm1939m#273.063#273.292
417	не	не	PART	_	_	_	_	_	@vvm1939m-words#@vvm1939m#273.292#273.521
418	могу	мочь	VERB	_	Aspect=Imp|Mood=Ind|Number=Sing|Person=1|Tense=Pres|VerbForm=Fin|Voice=Act	_	_	_	@vvm1939m-words#@vvm1939m#273.521#273.75
419	сказать	сказать	VERB	_	Aspect=Perf|VerbForm=Inf|Voice=Act	_	_	_	@vvm1939m-words#@vvm1939m#273.75#273.979
420	вам	вы	PRON	_	Case=Dat|Number=Plur|Person=2	_	_	_	@vvm1939m-words#@vvm1939m#273.979#274.208
421	что	что	PRON	_	Case=Acc	_	_	_	@vvm1939m-words#@vvm1939m#274.208#274.441
422	но	но	CCONJ	_	_	_	_	_	@vvm1939m-words#@vvm1939m#275.577#276.182
423	как-то	как-то	ADV	_	Degree=Pos	_	_	_	@vvm1939m-words#@vvm1939m#276.182#276.787
424	это	это	DET	_	Case=Nom|Gender=Neut|Number=Sing	_	_	_	@vvm1939m-words#@vvm1939m#276.787#277.392
425	/	/	PUNCT	_	_	_	_	_	@vvm1939m-words#@vvm1939m#277.392#277.997
426	начинает	начинать	VERB	_	Aspect=Imp|Mood=Ind|Number=Sing|Person=3|Tense=Pres|VerbForm=Fin|Voice=Act	_	_	_	@vvm1939m-words#@vvm1939m#277.997#278.602
427	сразу	сразу	ADV	_	Degree=Pos	_	_	_	@vvm1939m-words#@vvm1939m#278.602#279.207
428	/	/	PUNCT	_	_	_	_	_	@vvm1939m-words#@vvm1939m#279.207#279.812
429	начиная	начинать	VERB	_	Aspect=Imp|VerbForm=Ger|Voice=Act	_	_	_	@vvm1939m-words#@vvm1939m#279.812#280.417
430	с	с	ADP	_	_	_	_	_	@vvm1939m-words#@vvm1939m#280.417#281.022
431	костюмов	костюм	NOUN	_	Animacy=Inan|Case=Gen|Gender=Masc|Number=Plur	_	_	_	@vvm1939m-words#@vvm1939m#281.022#281.627
432	/	/	PUNCT	_	_	_	_	_	@vvm1939m-words#@vvm1939m#281.627#282.232
433	которые	который	PRON	_	Case=Nom|Number=Plur	_	_	_	@vvm1939m-words#@vvm1939m#282.232#282.837
434	не	не	PART	_	_	_	_	_	@vvm1939m-words#@vvm1939m#282.837#283.442
435	не	не	PART	_	_	_	_	_	@vvm1939m-words#@vvm1939m#283.442#284.047
436	достоверны	достоверный	ADJ	_	Degree=Pos|Number=Plur|Variant=Short	_	_	_	@vvm1939m-words#@vvm1939m#284.047#284.652
437	/	/	PUNCT	_	_	_	_	_	@vvm1939m-words#@vvm1939m#284.652#285.257
438	лица	лицо	NOUN	_	Animacy=Inan|Case=Nom|Gender=Neut|Number=Plur	_	_	_	@vvm1939m-words#@vvm1939m#285.257#285.862
439	не	не	PART	_	_	_	_	_	@vvm1939m-words#@vvm1939m#285.862#286.467
440	достоверны	достоверный	ADJ	_	Degree=Pos|Number=Plur|Variant=Short	_	_	_	@vvm1939m-words#@vvm1939m#286.467#287.072
441	/	/	PUNCT	_	_	_	_	_	@vvm1939m-words#@vvm1939m#287.072#287.677
442	прически	прическа	NOUN	_	Animacy=Inan|Case=Nom|Gender=Fem|Number=Plur	_	_	_	@vvm1939m-words#@vvm1939m#287.677#288.282
443	/	/	PUNCT	_	_	_	_	_	@vvm1939m-words#@vvm1939m#288.282#288.887
444	все	все	PRON	_	Case=Nom|Gender=Neut|Number=Sing	_	_	_	@vvm1939m-words#@vvm1939m#288.887#289.492
445	это	это	PRON	_	Animacy=Inan|Case=Nom|Gender=Neut|Number=Sing	_	_	_	@vvm1939m-words#@vvm1939m#289.492#290.103
446	да-да	да-да	PART	_	_	_	_	_	@vvm1939m-words#@vvm1939m#291.181#291.574
447	/	/	PUNCT	_	_	_	_	_	@vvm1939m-words#@vvm1939m#291.574#291.967
448	да	да	PART	_	_	_	_	_	@vvm1939m-words#@vvm1939m#297.448#298.084
449	/	/	PUNCT	_	_	_	_	_	@vvm1939m-words#@vvm1939m#298.084#298.72
450	поскольку	поскольку	SCONJ	_	_	_	_	_	@vvm1939m-words#@vvm1939m#298.72#299.356
451	мы	мы	ADV	_	Degree=Pos	_	_	_	@vvm1939m-words#@vvm1939m#299.356#299.992
451	-	-	PUNCT	_	_	_	_	_	"@vvm1939-words#@vvm1939m#299.356#300.100
452	то	то	Part	_	_	_	_	_	"@vvm1939-words#@vvm1939m#299.356#300.300
453	видели	видеть	VERB	_	Aspect=Imp|Mood=Ind|Number=Plur|Tense=Past|VerbForm=Fin|Voice=Act	_	_	_	@vvm1939m-words#@vvm1939m#299.992#300.628
454	настоящие	настоящий	ADJ	_	Case=Nom|Degree=Pos|Number=Plur	_	_	_	@vvm1939m-words#@vvm1939m#300.628#301.264
455	военные	военный	ADJ	_	Case=Nom|Degree=Pos|Number=Plur	_	_	_	@vvm1939m-words#@vvm1939m#301.264#301.9
456	картины	картина	NOUN	_	Animacy=Inan|Case=Nom|Gender=Fem|Number=Plur	_	_	_	@vvm1939m-words#@vvm1939m#301.9#302.536
457	/	/	PUNCT	_	_	_	_	_	@vvm1939m-words#@vvm1939m#302.536#303.172
458	еще	еще	ADV	_	Degree=Pos	_	_	_	@vvm1939m-words#@vvm1939m#303.172#303.808
459	снятые	снять	VERB	_	Aspect=Perf|Case=Nom|Number=Plur|Tense=Past|VerbForm=Conv|Voice=Pass	_	_	_	@vvm1939m-words#@vvm1939m#303.808#304.444
460	даже	даже	PART	_	_	_	_	_	@vvm1939m-words#@vvm1939m#304.444#305.08
461	во	во	ADP	_	_	_	_	_	@vvm1939m-words#@vvm1939m#305.08#305.716
462	время	время	NOUN	_	Animacy=Inan|Case=Acc|Gender=Neut|Number=Sing	_	_	_	@vvm1939m-words#@vvm1939m#305.716#306.352
463	войны	война	NOUN	_	Animacy=Inan|Case=Gen|Gender=Fem|Number=Sing	_	_	_	@vvm1939m-words#@vvm1939m#306.352#306.993
464	а	а	CCONJ	_	_	_	_	_	@vvm1939m-words#@vvm1939m#307.24#307.714
465	уж	уж	PART	_	_	_	_	_	@vvm1939m-words#@vvm1939m#307.714#308.188
466	после	после	ADP	_	_	_	_	_	@vvm1939m-words#@vvm1939m#308.188#308.662
467	войны	война	NOUN	_	Animacy=Inan|Case=Gen|Gender=Fem|Number=Sing	_	_	_	@vvm1939m-words#@vvm1939m#308.662#309.136
468	сколько	сколько	NUM	_	_	_	_	_	@vvm1939m-words#@vvm1939m#309.136#309.61
469	было	быть	VERB	_	Aspect=Imp|Gender=Neut|Mood=Ind|Number=Sing|Tense=Past|VerbForm=Fin|Voice=Act	_	_	_	@vvm1939m-words#@vvm1939m#309.61#310.084
470	таких	такой	DET	_	Case=Gen|Number=Plur	_	_	_	@vvm1939m-words#@vvm1939m#310.084#310.558
471	настоящих	настоящий	ADJ	_	Case=Gen|Degree=Pos|Number=Plur	_	_	_	@vvm1939m-words#@vvm1939m#310.558#311.032
472	картин	картина	NOUN	_	Animacy=Inan|Case=Gen|Gender=Fem|Number=Plur	_	_	_	@vvm1939m-words#@vvm1939m#311.032#311.512
473	приходят	приходить	VERB	_	Aspect=Imp|Mood=Ind|Number=Plur|Person=3|Tense=Pres|VerbForm=Fin|Voice=Act	_	_	_	@ksv1980m-words#@ksvm1980m#3.03#3.32
474	к	к	ADP	_	_	_	_	_	@ksv1980m-words#@ksvm1980m#3.32#3.61
475	вам	вы	PRON	_	Case=Dat|Number=Plur|Person=2	_	_	_	@ksv1980m-words#@ksvm1980m#3.61#3.9
476	учиться	учиться	VERB	_	Aspect=Imp|VerbForm=Inf|Voice=Mid	_	_	_	@ksv1980m-words#@ksvm1980m#3.9#4.19
477	/	/	PUNCT	_	_	_	_	_	@ksv1980m-words#@ksvm1980m#4.19#4.48
478	вы	вы	PRON	_	Case=Nom|Number=Plur|Person=2	_	_	_	@ksv1980m-words#@ksvm1980m#5.3#5.676
479	преподаете	преподавать	VERB	_	Aspect=Imp|Mood=Ind|Number=Plur|Person=2|Tense=Pres|VerbForm=Fin|Voice=Act	_	_	_	@ksv1980m-words#@ksvm1980m#5.676#6.052
480	и	и	CCONJ	_	_	_	_	_	@ksv1980m-words#@ksvm1980m#6.052#6.428
481	вы	вы	PRON	_	Case=Nom|Number=Plur|Person=2	_	_	_	@ksv1980m-words#@ksvm1980m#6.428#6.804
482	разговариваете	разговаривать	VERB	_	Aspect=Imp|Mood=Ind|Number=Plur|Person=2|Tense=Pres|VerbForm=Fin|Voice=Act	_	_	_	@ksv1980m-words#@ksvm1980m#6.804#7.18
483	с	с	ADP	_	_	_	_	_	@ksv1980m-words#@ksvm1980m#7.18#7.556
484	ними	они	PRON	_	Case=Ins|Number=Plur|Person=3	_	_	_	@ksv1980m-words#@ksvm1980m#7.556#7.932
485	/	/	PUNCT	_	_	_	_	_	@ksv1980m-words#@ksvm1980m#7.932#8.308
486	и	и	CCONJ	_	_	_	_	_	@ksv1980m-words#@ksvm1980m#8.308#8.684
487	как	как	ADV	_	Degree=Pos	_	_	_	@ksv1980m-words#@ksvm1980m#8.684#9.06
488	вот	вот	PART	_	_	_	_	_	@ksv1980m-words#@ksvm1980m#9.06#9.436
489	общий	общий	ADJ	_	Animacy=Inan|Case=Acc|Degree=Pos|Gender=Masc|Number=Sing	_	_	_	@ksv1980m-words#@ksvm1980m#9.436#9.812
490	язык	язык	NOUN	_	Animacy=Inan|Case=Acc|Gender=Masc|Number=Sing	_	_	_	@ksv1980m-words#@ksvm1980m#9.812#10.2
491	вы	вы	PRON	_	Case=Nom|Number=Plur|Person=2	_	_	_	@ksv1980m-words#@ksvm1980m#13.662#13.846
492	их	они	PRON	_	Case=Gen|Number=Plur|Person=3	_	_	_	@ksv1980m-words#@ksvm1980m#13.846#14.03
493	не	не	PART	_	_	_	_	_	@ksv1980m-words#@ksvm1980m#14.03#14.214
494	трогаете	трогать	VERB	_	Aspect=Imp|Mood=Ind|Number=Plur|Person=2|Tense=Pres|VerbForm=Fin|Voice=Act	_	_	_	@ksv1980m-words#@ksvm1980m#14.214#14.398
495	/	/	PUNCT	_	_	_	_	_	@ksv1980m-words#@ksvm1980m#14.398#14.582
496	или	или	CCONJ	_	_	_	_	_	@ksv1980m-words#@ksvm1980m#14.582#14.766
497	они	они	PRON	_	Case=Nom|Number=Plur|Person=3	_	_	_	@ksv1980m-words#@ksvm1980m#14.766#14.95
498	не	не	PART	_	_	_	_	_	@ksv1980m-words#@ksvm1980m#14.95#15.134
499	хотят	хотеть	VERB	_	Aspect=Imp|Mood=Ind|Number=Plur|Person=3|Tense=Pres|VerbForm=Fin|Voice=Act	_	_	_	@ksv1980m-words#@ksvm1980m#15.134#15.318
500	об	о	ADP	_	_	_	_	_	@ksv1980m-words#@ksvm1980m#15.318#15.502
501	этом	это	PRON	_	Animacy=Inan|Case=Loc|Gender=Neut|Number=Sing	_	_	_	@ksv1980m-words#@ksvm1980m#15.502#15.686
502	говорить	говорить	VERB	_	Aspect=Imp|VerbForm=Inf|Voice=Act	_	_	_	@ksv1980m-words#@ksvm1980m#15.686#15.87
503	?	?	PUNCT	_	_	_	_	_	@ksv1980m-words#@ksvm1980m#15.87#16.054
504	/	/	PUNCT	_	_	_	_	_	@ksv1980m-words#@ksvm1980m#16.054#16.246
505	а	а	CCONJ	_	_	_	_	_	@ksv1980m-words#@ksvm1980m#18.324#18.508
506	их	они	PRON	_	Case=Gen|Number=Plur|Person=3	_	_	_	@ksv1980m-words#@ksvm1980m#18.508#18.692
507	/	/	PUNCT	_	_	_	_	_	@ksv1980m-words#@ksvm1980m#18.692#18.876
508	им	они	PRON	_	Case=Dat|Number=Plur|Person=3	_	_	_	@ksv1980m-words#@ksvm1980m#18.876#19.06
509	вообще	вообще	ADV	_	Degree=Pos	_	_	_	@ksv1980m-words#@ksvm1980m#19.06#19.244
510	все	весь	PRON	_	Animacy=Inan|Case=Nom|Gender=Neut|Number=Sing	_	_	_	@ksv1980m-words#@ksvm1980m#19.244#19.428
511	равно	равный	ADV	_	Degree=Pos	_	_	_	@ksv1980m-words#@ksvm1980m#19.428#19.616
512	а	а	CCONJ	_	_	_	_	_	@ksv1980m-words#@ksvm1980m#20.519#20.795
513	что	что	PRON	_	Case=Acc	_	_	_	@ksv1980m-words#@ksvm1980m#20.795#21.071
514	их	они	PRON	_	Case=Acc|Number=Plur|Person=3	_	_	_	@ksv1980m-words#@ksvm1980m#21.071#21.347
515	интересует	интересовать	VERB	_	Aspect=Imp|Mood=Ind|Number=Sing|Person=3|Tense=Pres|VerbForm=Fin|Voice=Act	_	_	_	@ksv1980m-words#@ksvm1980m#21.347#21.623
516	?	?	PUNCT	_	_	_	_	_	@ksv1980m-words#@ksvm1980m#21.623#21.902
517	тот	тот	DET	_	Case=Nom|Gender=Masc|Number=Sing	_	_	_	@ksv1980m-words#@ksvm1980m#28.428#28.629
518	самый	самый	ADJ	_	Case=Nom|Degree=Pos|Gender=Masc|Number=Sing	_	_	_	@ksv1980m-words#@ksvm1980m#28.629#28.83
519	Олег	Олег	PROPN	_	Animacy=Anim|Case=Nom|Gender=Masc|Number=Sing	_	_	_	@ksv1980m-words#@ksvm1980m#28.83#29.031
520	?	?	PUNCT	_	_	_	_	_	@ksv1980m-words#@ksvm1980m#29.031#29.232
521	/	/	PUNCT	_	_	_	_	_	@ksv1980m-words#@ksvm1980m#29.232#29.435
522	в	в	ADP	_	_	_	_	_	@ksv1980m-words#@ksvm1980m#60.22#60.599
523	какую	какой	PRON	_	Case=Acc|Gender=Fem|Number=Sing	_	_	_	@ksv1980m-words#@ksvm1980m#60.599#60.978
524	сторону	сторона	NOUN	_	Animacy=Inan|Case=Acc|Gender=Fem|Number=Sing	_	_	_	@ksv1980m-words#@ksvm1980m#60.978#61.357
525	/	/	PUNCT	_	_	_	_	_	@ksv1980m-words#@ksvm1980m#61.357#61.736
526	простите	простить	VERB	_	Aspect=Perf|Mood=Imp|Number=Plur|Person=2|VerbForm=Fin|Voice=Act	_	_	_	@ksv1980m-words#@ksvm1980m#61.736#62.115
527	/	/	PUNCT	_	_	_	_	_	@ksv1980m-words#@ksvm1980m#62.115#62.494
528	революционно	революционно	ADV	_	Degree=Pos	_	_	_	@ksv1980m-words#@ksvm1980m#62.494#62.873
529	/	/	PUNCT	_	_	_	_	_	@ksv1980m-words#@ksvm1980m#62.873#63.252
530	тоже	тоже	PART	_	_	_	_	_	@ksv1980m-words#@ksvm1980m#63.252#63.631
531	на	на	ADP	_	_	_	_	_	@ksv1980m-words#@ksvm1980m#63.631#64.01
532	о	о	PART	_	_	_	_	_	@ksv1980m-words#@ksvm1980m#64.01#64.389
533	о	о	PART	_	_	_	_	_	@ksv1980m-words#@ksvm1980m#64.389#64.768
534	о	о	PART	_	_	_	_	_	@ksv1980m-words#@ksvm1980m#64.768#65.155
535	это	это	PRON	_	Animacy=Inan|Case=Acc|Gender=Neut|Number=Sing	_	_	_	@ksv1980m-words#@ksvm1980m#80.681#80.99
536	дед	дед	NOUN	_	Animacy=Anim|Case=Nom|Gender=Masc|Number=Sing	_	_	_	@ksv1980m-words#@ksvm1980m#80.99#81.299
537	еще	еще	ADV	_	Degree=Pos	_	_	_	@ksv1980m-words#@ksvm1980m#81.299#81.608
538	доверенное	доверенный	VERB	_	Aspect=Perf|Case=Nom|Gender=Neut|Number=Sing|Tense=Past|VerbForm=Part|Voice=Pass	_	_	_	@ksv1980m-words#@ksvm1980m#81.608#81.917
539	лицо	лицо	NOUN	_	Animacy=Inan|Case=Nom|Gender=Neut|Number=Sing	_	_	_	@ksv1980m-words#@ksvm1980m#81.917#82.226
540	Путина	Путин	PROPN	_	Animacy=Anim|Case=Gen|Gender=Masc|Number=Sing	_	_	_	@ksv1980m-words#@ksvm1980m#82.226#82.538
541	#смеется#	#смеется#	X	_	_	_	_	_	@ksv1980m-words#@ksvm1980m#83.538#83.934
542	вы	вы	PRON	_	Case=Nom|Number=Plur|Person=2	_	_	_	@ksv1980m-words#@ksvm1980m#83.934#84.33
543	кстати	кстати	ADV	_	Degree=Pos	_	_	_	@ksv1980m-words#@ksvm1980m#84.33#84.726
544	не	не	PART	_	_	_	_	_	@ksv1980m-words#@ksvm1980m#84.726#85.122
545	пожалели	пожалеть	VERB	_	Aspect=Perf|Mood=Ind|Number=Plur|Tense=Past|VerbForm=Fin|Voice=Act	_	_	_	@ksv1980m-words#@ksvm1980m#85.122#85.518
546	об	о	ADP	_	_	_	_	_	@ksv1980m-words#@ksvm1980m#85.518#85.914
547	этом	этот	DET	_	Case=Loc|Gender=Neut|Number=Sing	_	_	_	@ksv1980m-words#@ksvm1980m#85.914#86.31
548	решении	решение	NOUN	_	Animacy=Inan|Case=Loc|Gender=Neut|Number=Sing	_	_	_	@ksv1980m-words#@ksvm1980m#86.31#86.706
549	?	?	PUNCT	_	_	_	_	_	@ksv1980m-words#@ksvm1980m#86.706#87.103
550	вам	вы	PRON	_	Case=Dat|Number=Plur|Person=2	_	_	_	@ksv1980m-words#@ksvm1980m#90.487#90.766
551	предлагали	предлагать	VERB	_	Aspect=Imp|Mood=Ind|Number=Plur|Tense=Past|VerbForm=Fin|Voice=Act	_	_	_	@ksv1980m-words#@ksvm1980m#90.766#91.045
552	в	в	ADP	_	_	_	_	_	@ksv1980m-words#@ksvm1980m#91.045#91.324
553	«Единую	«Единая	PROPN	_	Case=Acc|Degree=Pos|Gender=Fem|Number=Sing	_	_	_	@ksv1980m-words#@ksvm1980m#91.324#91.603
554	Россию»	Россию»	PROPN	_	Animacy=Inan|Case=Acc|Gender=Fem|Number=Sing	_	_	_	@ksv1980m-words#@ksvm1980m#91.603#91.882
555	вступить	вступить	VERB	_	Aspect=Perf|VerbForm=Inf|Voice=Act	_	_	_	@ksv1980m-words#@ksvm1980m#91.882#92.161
556	?	?	PUNCT	_	_	_	_	_	@ksv1980m-words#@ksvm1980m#92.161#92.441
557	состояние	состояние	NOUN	_	Animacy=Inan|Case=Acc|Gender=Neut|Number=Sing	_	_	_	@ksv1980m-words#@ksvm1980m#113.98#114.322
558	сегодняшнего	сегодняшний	ADJ	_	Case=Gen|Degree=Pos|Gender=Neut|Number=Sing	_	_	_	@ksv1980m-words#@ksvm1980m#114.322#114.664
559	нашего	наш	DET	_	Case=Gen|Gender=Neut|Number=Sing	_	_	_	@ksv1980m-words#@ksvm1980m#114.664#115.006
560	кино	кино	NOUN	_	Animacy=Inan|Case=Gen|Gender=Neut|Number=Sing	_	_	_	@ksv1980m-words#@ksvm1980m#115.006#115.348
561	/	/	PUNCT	_	_	_	_	_	@ksv1980m-words#@ksvm1980m#115.348#115.69
562	вы	вы	PRON	_	Case=Nom|Number=Plur|Person=2	_	_	_	@ksv1980m-words#@ksvm1980m#115.69#116.032
563	/	/	PUNCT	_	_	_	_	_	@ksv1980m-words#@ksvm1980m#116.032#116.374
564	вы	вы	PRON	_	Case=Nom|Number=Plur|Person=2	_	_	_	@ksv1980m-words#@ksvm1980m#116.374#116.716
565	в	в	ADP	_	_	_	_	_	@ksv1980m-words#@ksvm1980m#116.716#117.058
566	кино	кино	NOUN	_	Animacy=Inan|Case=Acc|Gender=Neut|Number=Sing	_	_	_	@ksv1980m-words#@ksvm1980m#117.058#117.4
567	бываете	бывать	VERB	_	Aspect=Imp|Mood=Ind|Number=Plur|Person=2|Tense=Pres|VerbForm=Fin|Voice=Act	_	_	_	@ksv1980m-words#@ksvm1980m#117.4#117.742
568	?	?	PUNCT	_	_	_	_	_	@ksv1980m-words#@ksvm1980m#117.742#118.09
569	с	с	ADP	_	_	_	_	_	@ksv1980m-words#@ksvm1980m#119.564#119.885
570	той	тот	DET	_	Case=Gen|Gender=Fem|Number=Sing	_	_	_	@ksv1980m-words#@ksvm1980m#119.885#120.206
571	стороны	сторона	NOUN	_	Animacy=Inan|Case=Gen|Gender=Fem|Number=Sing	_	_	_	@ksv1980m-words#@ksvm1980m#120.206#120.527
572	экрана	экран	NOUN	_	Animacy=Inan|Case=Gen|Gender=Masc|Number=Sing	_	_	_	@ksv1980m-words#@ksvm1980m#120.527#120.848
573	/	/	PUNCT	_	_	_	_	_	@ksv1980m-words#@ksvm1980m#120.848#121.169
574	со	с	ADP	_	_	_	_	_	@ksv1980m-words#@ksvm1980m#121.169#121.49
575	зрительской	зрительский	ADJ	_	Case=Gen|Degree=Pos|Gender=Fem|Number=Sing	_	_	_	@ksv1980m-words#@ksvm1980m#121.49#121.811
576	то	то	PRON	_	Animacy=Inan|Case=Nom|Gender=Neut|Number=Sing	_	_	_	@ksv1980m-words#@ksvm1980m#129.123#129.273
577	есть	есть	INTJ	_	_	_	_	_	@ksv1980m-words#@ksvm1980m#129.273#129.423
578	не	не	PART	_	_	_	_	_	@ksv1980m-words#@ksvm1980m#129.423#129.573
579	все	все	PRON	_	Animacy=Inan|Case=Nom|Gender=Neut|Number=Sing	_	_	_	@ksv1980m-words#@ksvm1980m#129.573#129.723
580	так	так	ADV	_	Degree=Pos	_	_	_	@ksv1980m-words#@ksvm1980m#129.723#129.873
581	страшно	страшный	ADV	_	Degree=Pos	_	_	_	@ksv1980m-words#@ksvm1980m#129.873#130.023
582	и	и	PART	_	_	_	_	_	@ksv1980m-words#@ksvm1980m#130.023#130.173
583	здесь	здесь	ADV	_	Degree=Pos	_	_	_	@ksv1980m-words#@ksvm1980m#130.173#130.323
584	?	?	PUNCT	_	_	_	_	_	@ksv1980m-words#@ksvm1980m#130.323#130.48
585	если	если	SCONJ	_	_	_	_	_	@ksv1980m-words#@ksvm1980m#173.136#173.353
586	это	это	PRON	_	Animacy=Inan|Case=Nom|Gender=Neut|Number=Sing	_	_	_	@ksv1980m-words#@ksvm1980m#173.353#173.57
587	не	не	PART	_	_	_	_	_	@ksv1980m-words#@ksvm1980m#173.57#173.787
588	сериалы	сериал	NOUN	_	Animacy=Inan|Case=Nom|Gender=Masc|Number=Plur	_	_	_	@ksv1980m-words#@ksvm1980m#173.787#174.004
589	/	/	PUNCT	_	_	_	_	_	@ksv1980m-words#@ksvm1980m#174.004#174.221
590	то	то	PART	_	_	_	_	_	@ksv1980m-words#@ksvm1980m#174.221#174.438
591	то	то	PART	_	_	_	_	_	@ksv1980m-words#@ksvm1980m#174.438#174.655
592	то	то	PART	_	_	_	_	_	@ksv1980m-words#@ksvm1980m#174.655#174.872
593	что	что	PRON	_	Case=Nom	_	_	_	@ksv1980m-words#@ksvm1980m#174.872#175.089
594	/	/	PUNCT	_	_	_	_	_	@ksv1980m-words#@ksvm1980m#175.089#175.306
595	и	и	CCONJ	_	_	_	_	_	@ksv1980m-words#@ksvm1980m#175.306#175.523
596	какие	какой	DET	_	Case=Nom|Number=Plur	_	_	_	@ksv1980m-words#@ksvm1980m#175.523#175.74
597	имена	имя	NOUN	_	Animacy=Inan|Case=Nom|Gender=Neut|Number=Plur	_	_	_	@ksv1980m-words#@ksvm1980m#175.74#175.957
598	?	?	PUNCT	_	_	_	_	_	@ksv1980m-words#@ksvm1980m#175.957#176.181
599	«Горько»	«Горько»	PROPN	_	Animacy=Inan|Case=Gen|Gender=Fem|Number=Sing	_	_	_	@ksv1980m-words#@ksvm1980m#211.292#211.584
600	/	/	PUNCT	_	_	_	_	_	@ksv1980m-words#@ksvm1980m#211.584#211.876
601	народный	народный	ADJ	_	Case=Nom|Degree=Pos|Gender=Masc|Number=Sing	_	_	_	@ksv1980m-words#@ksvm1980m#211.876#212.168
602	фильм	фильм	NOUN	_	Animacy=Inan|Case=Nom|Gender=Masc|Number=Sing	_	_	_	@ksv1980m-words#@ksvm1980m#212.168#212.46
603	?	?	PUNCT	_	_	_	_	_	@ksv1980m-words#@ksvm1980m#212.46#212.753
604	а	а	CCONJ	_	_	_	_	_	@ksv1980m-words#@ksvm1980m#214.155#214.525
605	говорят	говорить	VERB	_	Aspect=Imp|Mood=Ind|Number=Plur|Person=3|Tense=Pres|VerbForm=Fin|Voice=Act	_	_	_	@ksv1980m-words#@ksvm1980m#214.525#214.895
606	/	/	PUNCT	_	_	_	_	_	@ksv1980m-words#@ksvm1980m#214.895#215.265
607	людей	человек	NOUN	_	Animacy=Anim|Case=Acc|Gender=Masc|Number=Plur	_	_	_	@ksv1980m-words#@ksvm1980m#215.265#215.635
608	там	там	ADV	_	Degree=Pos	_	_	_	@ksv1980m-words#@ksvm1980m#215.635#216.005
609	в	в	ADP	_	_	_	_	_	@ksv1980m-words#@ksvm1980m#216.005#216.375
610	неприглядном	неприглядный	ADJ	_	Case=Loc|Degree=Pos|Gender=Masc|Number=Sing	_	_	_	@ksv1980m-words#@ksvm1980m#216.375#216.745
611	свете	свет	NOUN	_	Animacy=Inan|Case=Loc|Gender=Masc|Number=Sing	_	_	_	@ksv1980m-words#@ksvm1980m#216.745#217.115
612	представили	представить	VERB	_	Aspect=Perf|Mood=Ind|Number=Plur|Tense=Past|VerbForm=Fin|Voice=Act	_	_	_	@ksv1980m-words#@ksvm1980m#217.115#217.485
613	/	/	PUNCT	_	_	_	_	_	@ksv1980m-words#@ksvm1980m#217.485#217.855
614	будто	будто	PART	_	_	_	_	_	@ksv1980m-words#@ksvm1980m#217.855#218.225
615	бы	бы	PART	_	_	_	_	_	@ksv1980m-words#@ksvm1980m#218.225#218.595
616	все	все	DET	_	Case=Nom|Number=Plur	_	_	_	@ksv1980m-words#@ksvm1980m#218.595#218.965
617	такие	такой	DET	_	Case=Nom|Number=Plur	_	_	_	@ksv1980m-words#@ksvm1980m#218.965#219.335
618	/	/	PUNCT	_	_	_	_	_	@ksv1980m-words#@ksvm1980m#219.335#219.705
619	в	в	ADP	_	_	_	_	_	@ksv1980m-words#@ksvm1980m#219.705#220.075
620	стране	страна	NOUN	_	Animacy=Inan|Case=Loc|Gender=Fem|Number=Sing	_	_	_	@ksv1980m-words#@ksvm1980m#220.075#220.445
621	у	у	ADP	_	_	_	_	_	@ksv1980m-words#@ksvm1980m#220.445#220.815
622	нас	мы	PRON	_	Case=Gen|Number=Plur|Person=1	_	_	_	@ksv1980m-words#@ksvm1980m#220.815#221.201
623	то	то	PART	_	_	_	_	_	@ksv1980m-words#@ksvm1980m#221.266#221.519
624	есть	есть	INTJ	_	_	_	_	_	@ksv1980m-words#@ksvm1980m#221.519#221.772
625	как	как	ADV	_	Degree=Pos	_	_	_	@ksv1980m-words#@ksvm1980m#221.772#222.025
626	бы	бы	PART	_	_	_	_	_	@ksv1980m-words#@ksvm1980m#222.025#222.278
627	большая	больший	ADJ	_	Case=Nom|Degree=Pos|Gender=Fem|Number=Sing	_	_	_	@ksv1980m-words#@ksvm1980m#222.278#222.531
628	дистанция	дистанция	NOUN	_	Animacy=Inan|Case=Nom|Gender=Fem|Number=Sing	_	_	_	@ksv1980m-words#@ksvm1980m#222.531#222.784
629	между	между	ADP	_	_	_	_	_	@ksv1980m-words#@ksvm1980m#222.784#223.037
630	любовью	любовь	NOUN	_	Animacy=Inan|Case=Ins|Gender=Fem|Number=Sing	_	_	_	@ksv1980m-words#@ksvm1980m#223.037#223.29
631	и	и	CCONJ	_	_	_	_	_	@ksv1980m-words#@ksvm1980m#223.29#223.551
632	«Любовь	«Любовь	NOUN	_	Animacy=Inan|Case=Nom|Gender=Fem|Number=Sing	_	_	_	@ksv1980m-words#@ksvm1980m#224.519#224.816
633	и	и	CCONJ	_	_	_	_	_	@ksv1980m-words#@ksvm1980m#224.816#225.113
634	голуби»	голубь»	NOUN	_	Animacy=Inan|Case=Gen|Gender=Fem|Number=Sing	_	_	_	@ksv1980m-words#@ksvm1980m#225.113#225.41
635	и	и	CCONJ	_	_	_	_	_	@ksv1980m-words#@ksvm1980m#225.41#225.707
636	«Горько»	«Горько»	PROPN	_	Animacy=Inan|Case=Gen|Gender=Fem|Number=Sing	_	_	_	@ksv1980m-words#@ksvm1980m#225.707#226.004
637	?	?	PUNCT	_	_	_	_	_	@ksv1980m-words#@ksvm1980m#226.004#226.305
638	патриотическое	патриотический	ADJ	_	Case=Nom|Degree=Pos|Gender=Neut|Number=Sing	_	_	_	@ksv1980m-words#@ksvm1980m#258.272#258.718
639	кино	кино	NOUN	_	Animacy=Inan|Case=Nom|Gender=Neut|Number=Sing	_	_	_	@ksv1980m-words#@ksvm1980m#258.718#259.164
640	/	/	PUNCT	_	_	_	_	_	@ksv1980m-words#@ksvm1980m#259.164#259.61
641	его	его	DET	_	_	_	_	_	@ksv1980m-words#@ksvm1980m#259.61#260.056
642	состояние	состояние	NOUN	_	Animacy=Inan|Case=Nom|Gender=Neut|Number=Sing	_	_	_	@ksv1980m-words#@ksvm1980m#260.056#260.502
643	как	как	SCONJ	_	_	_	_	_	@ksv1980m-words#@ksvm1980m#260.502#260.948
644	вам	вы	PRON	_	Case=Dat|Number=Plur|Person=2	_	_	_	@ksv1980m-words#@ksvm1980m#260.948#261.394
645	?	?	PUNCT	_	_	_	_	_	@ksv1980m-words#@ksvm1980m#261.394#261.84
646	/	/	PUNCT	_	_	_	_	_	@ksv1980m-words#@ksvm1980m#261.84#262.286
647	танки	танк	NOUN	_	Animacy=Inan|Case=Nom|Gender=Masc|Number=Plur	_	_	_	@ksv1980m-words#@ksvm1980m#262.286#262.732
648	/	/	PUNCT	_	_	_	_	_	@ksv1980m-words#@ksvm1980m#262.732#263.178
649	самолеты	самолет	NOUN	_	Animacy=Inan|Case=Nom|Gender=Masc|Number=Plur	_	_	_	@ksv1980m-words#@ksvm1980m#263.178#263.629
650	почему	почему	ADV	_	Degree=Pos	_	_	_	@ksv1980m-words#@ksvm1980m#270.837#271.092
651	/	/	PUNCT	_	_	_	_	_	@ksv1980m-words#@ksvm1980m#271.092#271.347
652	не	не	PART	_	_	_	_	_	@ksv1980m-words#@ksvm1980m#271.347#271.602
653	получается	получаться	VERB	_	Aspect=Imp|Mood=Ind|Number=Sing|Person=3|Tense=Pres|VerbForm=Fin|Voice=Mid	_	_	_	@ksv1980m-words#@ksvm1980m#271.602#271.857
654	или	или	CCONJ	_	_	_	_	_	@ksv1980m-words#@ksvm1980m#271.857#272.112
655	?	?	PUNCT	_	_	_	_	_	@ksv1980m-words#@ksvm1980m#272.112#272.37
656	той	тот	DET	_	Case=Gen|Gender=Fem|Number=Sing	_	_	_	@ksv1980m-words#@ksvm1980m#290.194#290.369
657	эпохи	эпоха	NOUN	_	Animacy=Inan|Case=Gen|Gender=Fem|Number=Sing	_	_	_	@ksv1980m-words#@ksvm1980m#290.369#290.544
658	/	/	PUNCT	_	_	_	_	_	@ksv1980m-words#@ksvm1980m#290.544#290.72
659	то	то	PRON	_	Animacy=Inan|Case=Nom|Gender=Neut|Number=Sing	_	_	_	@ksv1980m-words#@ksvm1980m#291.87#292.15
660	есть	быть	VERB	_	Aspect=Imp|Mood=Ind|Number=Sing|Person=3|Tense=Pres|VerbForm=Fin|Voice=Act	_	_	_	@ksv1980m-words#@ksvm1980m#292.15#292.43
661	вот	вот	PART	_	_	_	_	_	@ksv1980m-words#@ksvm1980m#292.43#292.71
662	эта	этот	PRON	_	Animacy=Inan|Case=Nom|Gender=Fem|Number=Sing	_	_	_	@ksv1980m-words#@ksvm1980m#292.71#292.99
663	попытка	попытка	NOUN	_	Animacy=Inan|Case=Nom|Gender=Fem|Number=Sing	_	_	_	@ksv1980m-words#@ksvm1980m#292.99#293.27
664	/	/	PUNCT	_	_	_	_	_	@ksv1980m-words#@ksvm1980m#293.27#293.55
665	реинкарнации	реинкарнация	NOUN	_	Animacy=Inan|Case=Gen|Gender=Fem|Number=Sing	_	_	_	@ksv1980m-words#@ksvm1980m#293.55#293.83
666	/	/	PUNCT	_	_	_	_	_	@ksv1980m-words#@ksvm1980m#293.83#294.11
667	воссоздания	воссоздание	NOUN	_	Animacy=Inan|Case=Gen|Gender=Neut|Number=Sing	_	_	_	@ksv1980m-words#@ksvm1980m#294.11#294.39
668	/	/	PUNCT	_	_	_	_	_	@ksv1980m-words#@ksvm1980m#294.39#294.67
669	Советского	советский	ADJ	_	Case=Gen|Degree=Pos|Gender=Masc|Number=Sing	_	_	_	@ksv1980m-words#@ksvm1980m#294.67#294.95
670	союза	союз	NOUN	_	Animacy=Inan|Case=Gen|Gender=Masc|Number=Sing	_	_	_	@ksv1980m-words#@ksvm1980m#294.95#295.23
671	/	/	PUNCT	_	_	_	_	_	@ksv1980m-words#@ksvm1980m#295.23#295.51
672	она	она	PRON	_	Case=Nom|Gender=Fem|Number=Sing|Person=3	_	_	_	@ksv1980m-words#@ksvm1980m#295.51#295.79
673	никогда	никогда	ADV	_	Degree=Pos	_	_	_	@ksv1980m-words#@ksvm1980m#295.79#296.07
674	не	не	PART	_	_	_	_	_	@ksv1980m-words#@ksvm1980m#296.07#296.35
675	бывает	бывать	VERB	_	Aspect=Imp|Mood=Ind|Number=Sing|Person=3|Tense=Pres|VerbForm=Fin|Voice=Act	_	_	_	@ksv1980m-words#@ksvm1980m#296.35#296.63
676	удачной	удачный	ADJ	_	Case=Ins|Degree=Pos|Gender=Fem|Number=Sing	_	_	_	@ksv1980m-words#@ksvm1980m#296.63#296.91
677	?	?	PUNCT	_	_	_	_	_	@ksv1980m-words#@ksvm1980m#296.91#297.201
